Order ID,Customer ID,Restaurant ID,Order Date and Time,Delivery Date and Time,Order Value,Delivery Fee,Payment Method,Discounts and Offers,Commission Fee,Payment Processing Fee,Refunds/Chargebacks
1,C8270,R2924,01-02-2024 01:11,01-02-2024 02:39,1914,0,Credit Card,5% on App,150,47,0
2,C1860,R2054,02-02-2024 22:11,02-02-2024 22:46,986,40,Digital Wallet,10%,198,23,0
3,C6390,R2870,31-01-2024 05:54,31-01-2024 06:52,937,30,Cash on Delivery,15% New User,195,45,0
4,C6191,R2642,16-01-2024 22:52,16-01-2024 23:38,1463,50,Cash on Delivery,None,146,27,0
5,C6734,R2799,29-01-2024 01:19,29-01-2024 02:48,1992,30,Cash on Delivery,50 off Promo,130,50,0
6,C7265,R2777,25-01-2024 04:36,25-01-2024 05:27,439,20,Cash on Delivery,10%,92,27,150
7,C1466,R2457,12-01-2024 23:55,13-01-2024 00:48,303,30,Digital Wallet,5% on App,144,12,50
8,C5426,R2978,26-01-2024 22:46,27-01-2024 00:36,260,0,Credit Card,10%,55,19,0
9,C6578,R2877,02-01-2024 18:29,02-01-2024 20:23,1663,40,Cash on Delivery,5% on App,116,48,0
10,C9322,R2161,05-01-2024 00:50,05-01-2024 02:10,491,40,Digital Wallet,10%,189,10,0
11,C2685,R2379,01-01-2024 17:02,01-01-2024 18:21,868,0,Cash on Delivery,5% on App,149,36,0
12,C1769,R2992,09-01-2024 17:15,09-01-2024 17:55,1800,20,Credit Card,15% New User,61,36,0
13,C7949,R2086,05-01-2024 16:43,05-01-2024 18:08,674,0,Cash on Delivery,None,115,20,0
14,C3433,R2054,04-02-2024 18:48,04-02-2024 20:28,633,30,Digital Wallet,15% New User,51,14,50
15,C6311,R2475,03-02-2024 00:49,03-02-2024 02:00,1193,0,Credit Card,None,192,16,0
16,C6051,R2799,15-01-2024 20:46,15-01-2024 21:54,992,0,Digital Wallet,15% New User,200,28,0
17,C7420,R2177,04-02-2024 17:48,04-02-2024 19:26,504,20,Credit Card,15% New User,130,38,0
18,C2184,R2390,13-01-2024 15:41,13-01-2024 16:58,707,30,Credit Card,10%,184,24,0
19,C5555,R2348,31-01-2024 17:27,31-01-2024 18:53,1798,50,Credit Card,50 off Promo,191,44,0
20,C4385,R2007,13-01-2024 01:32,13-01-2024 02:22,1714,50,Cash on Delivery,5% on App,119,46,100
21,C7396,R2832,27-01-2024 14:44,27-01-2024 16:35,1640,40,Digital Wallet,5% on App,164,21,0
22,C9666,R2312,05-01-2024 10:18,05-01-2024 11:07,927,0,Digital Wallet,5% on App,137,39,0
23,C3558,R2758,23-01-2024 03:00,23-01-2024 03:44,1243,40,Digital Wallet,None,55,29,100
24,C8849,R2834,07-02-2024 16:46,07-02-2024 18:24,1937,20,Credit Card,5% on App,76,46,0
25,C3047,R2983,13-01-2024 08:46,13-01-2024 10:32,789,50,Cash on Delivery,5% on App,131,12,0
26,C3747,R2982,12-01-2024 02:35,12-01-2024 03:55,1811,0,Credit Card,10%,137,18,0
27,C1189,R2442,11-01-2024 16:36,11-01-2024 18:21,1001,20,Digital Wallet,15% New User,169,50,0
28,C3734,R2766,03-02-2024 04:14,03-02-2024 05:45,1340,20,Cash on Delivery,5% on App,73,48,100
29,C4005,R2327,17-01-2024 23:01,18-01-2024 00:55,155,0,Cash on Delivery,50 off Promo,151,35,0
30,C5658,R2053,05-02-2024 22:00,05-02-2024 23:06,465,20,Cash on Delivery,5% on App,83,11,0
31,C2899,R2760,29-01-2024 13:35,29-01-2024 14:10,1822,0,Digital Wallet,None,96,32,0
32,C8734,R2238,03-01-2024 11:19,03-01-2024 12:59,1627,0,Cash on Delivery,None,73,32,0
33,C2267,R2228,01-02-2024 04:04,01-02-2024 04:59,1867,30,Cash on Delivery,None,114,30,50
34,C2528,R2578,23-01-2024 11:40,23-01-2024 12:17,1890,40,Credit Card,5% on App,67,25,0
35,C4556,R2050,27-01-2024 18:35,27-01-2024 20:17,554,20,Credit Card,10%,93,18,0
36,C4890,R2608,04-01-2024 10:48,04-01-2024 11:21,203,20,Cash on Delivery,50 off Promo,125,22,0
37,C9838,R2603,04-01-2024 16:09,04-01-2024 16:59,176,30,Cash on Delivery,5% on App,106,37,0
38,C6393,R2263,15-01-2024 06:05,15-01-2024 07:05,329,30,Credit Card,10%,156,36,0
39,C9792,R2417,05-02-2024 17:18,05-02-2024 18:08,1381,30,Credit Card,10%,173,26,0
40,C9433,R2802,16-01-2024 08:24,16-01-2024 09:18,1387,50,Credit Card,5% on App,200,47,0
41,C8513,R2095,02-01-2024 01:38,02-01-2024 02:22,430,50,Digital Wallet,5% on App,188,45,150
42,C3612,R2087,27-01-2024 20:38,27-01-2024 21:42,1305,50,Digital Wallet,10%,165,10,0
43,C8041,R2077,21-01-2024 21:36,21-01-2024 22:54,992,0,Credit Card,10%,142,27,0
44,C7235,R2287,16-01-2024 06:49,16-01-2024 08:01,1891,20,Cash on Delivery,10%,91,18,0
45,C6486,R2119,01-01-2024 07:15,01-01-2024 08:25,1673,40,Credit Card,5% on App,77,22,100
46,C8099,R2813,04-01-2024 22:56,05-01-2024 00:02,787,0,Digital Wallet,10%,172,49,0
47,C1775,R2490,20-01-2024 13:22,20-01-2024 14:48,126,20,Cash on Delivery,None,73,24,150
48,C9226,R2911,06-01-2024 07:54,06-01-2024 09:05,1399,20,Digital Wallet,5% on App,185,13,0
49,C4152,R2451,27-01-2024 00:02,27-01-2024 01:18,1775,30,Cash on Delivery,None,155,42,50
50,C2585,R2499,07-02-2024 22:23,07-02-2024 23:53,398,30,Digital Wallet,15% New User,167,33,0
51,C4943,R2164,30-01-2024 09:41,30-01-2024 10:24,1056,0,Cash on Delivery,5% on App,102,45,0
52,C8555,R2181,01-01-2024 09:38,01-01-2024 11:15,898,30,Cash on Delivery,15% New User,181,50,0
53,C4073,R2468,11-01-2024 20:30,11-01-2024 21:52,1214,20,Cash on Delivery,10%,149,19,0
54,C2021,R2909,19-01-2024 03:17,19-01-2024 05:10,579,30,Cash on Delivery,10%,54,45,50
55,C4843,R2734,23-01-2024 04:22,23-01-2024 05:25,672,50,Digital Wallet,50 off Promo,98,29,0
56,C8989,R2822,02-02-2024 21:59,02-02-2024 23:44,557,30,Digital Wallet,10%,147,50,0
57,C7873,R2943,05-01-2024 02:08,05-01-2024 03:01,1574,20,Cash on Delivery,15% New User,79,20,0
58,C6675,R2977,14-01-2024 23:17,15-01-2024 00:06,464,0,Cash on Delivery,10%,121,21,0
59,C1161,R2006,18-01-2024 14:58,18-01-2024 16:36,958,40,Digital Wallet,5% on App,152,27,50
60,C5297,R2329,02-01-2024 23:15,03-01-2024 00:14,1798,30,Cash on Delivery,10%,112,39,100
61,C1995,R2774,05-01-2024 13:31,05-01-2024 15:28,450,20,Cash on Delivery,50 off Promo,75,46,0
62,C8629,R2672,03-01-2024 12:21,03-01-2024 12:57,1778,40,Cash on Delivery,10%,86,29,0
63,C2016,R2150,17-01-2024 01:16,17-01-2024 02:21,1523,40,Credit Card,15% New User,56,34,0
64,C8869,R2084,14-01-2024 23:34,15-01-2024 00:41,352,50,Cash on Delivery,15% New User,176,21,150
65,C7439,R2146,03-02-2024 01:19,03-02-2024 03:08,880,40,Credit Card,10%,141,30,0
66,C8892,R2623,06-02-2024 02:39,06-02-2024 04:00,902,20,Cash on Delivery,15% New User,152,34,100
67,C7863,R2380,20-01-2024 19:52,20-01-2024 20:36,1111,20,Digital Wallet,15% New User,102,20,50
68,C8916,R2914,04-02-2024 02:49,04-02-2024 04:04,558,30,Credit Card,50 off Promo,181,18,0
69,C9529,R2547,28-01-2024 16:48,28-01-2024 17:40,1822,30,Credit Card,5% on App,157,34,0
70,C1878,R2284,05-02-2024 04:31,05-02-2024 05:12,1016,30,Cash on Delivery,50 off Promo,161,44,0
71,C5887,R2699,16-01-2024 00:17,16-01-2024 01:30,598,40,Cash on Delivery,None,56,41,0
72,C5859,R2081,21-01-2024 03:03,21-01-2024 03:47,1049,40,Credit Card,50 off Promo,116,23,0
73,C7331,R2513,14-01-2024 16:01,14-01-2024 17:19,607,50,Digital Wallet,10%,157,10,50
74,C9571,R2896,21-01-2024 22:06,21-01-2024 22:56,1427,30,Digital Wallet,5% on App,160,26,0
75,C9684,R2814,03-01-2024 20:12,03-01-2024 20:56,600,0,Cash on Delivery,10%,197,34,0
76,C8208,R2708,01-02-2024 19:26,01-02-2024 20:09,902,50,Digital Wallet,None,132,17,150
77,C6276,R2915,23-01-2024 06:33,23-01-2024 07:44,697,0,Digital Wallet,5% on App,173,14,0
78,C3062,R2522,22-01-2024 22:43,23-01-2024 00:32,265,40,Cash on Delivery,15% New User,188,14,0
79,C1064,R2745,06-02-2024 07:52,06-02-2024 08:36,1538,50,Digital Wallet,50 off Promo,153,50,0
80,C9006,R2385,02-01-2024 16:41,02-01-2024 18:13,561,50,Cash on Delivery,10%,116,44,150
81,C3568,R2706,01-02-2024 17:31,01-02-2024 19:08,1019,20,Credit Card,None,56,28,150
82,C6463,R2470,16-01-2024 19:47,16-01-2024 20:43,213,40,Cash on Delivery,15% New User,200,32,0
83,C3027,R2118,13-01-2024 05:05,13-01-2024 07:01,1556,40,Credit Card,50 off Promo,159,18,0
84,C3695,R2395,29-01-2024 02:28,29-01-2024 03:50,1091,50,Credit Card,15% New User,83,39,0
85,C6258,R2531,01-01-2024 21:59,01-01-2024 23:20,1479,40,Digital Wallet,50 off Promo,155,25,0
86,C6618,R2260,01-01-2024 03:21,01-01-2024 04:53,1818,50,Digital Wallet,5% on App,196,42,0
87,C7736,R2804,06-02-2024 20:39,06-02-2024 22:21,306,20,Digital Wallet,15% New User,107,11,100
88,C1391,R2933,03-02-2024 15:21,03-02-2024 16:43,1891,50,Cash on Delivery,15% New User,58,23,0
89,C6892,R2255,16-01-2024 13:07,16-01-2024 14:33,1358,40,Digital Wallet,15% New User,97,10,0
90,C4561,R2733,29-01-2024 19:00,29-01-2024 20:21,1565,40,Credit Card,5% on App,164,35,0
91,C7184,R2904,19-01-2024 05:27,19-01-2024 06:39,1478,50,Digital Wallet,None,90,34,0
92,C4099,R2225,03-02-2024 21:08,03-02-2024 21:44,614,50,Digital Wallet,50 off Promo,97,25,150
93,C7278,R2052,24-01-2024 17:08,24-01-2024 18:19,1331,50,Cash on Delivery,15% New User,74,24,50
94,C9392,R2939,29-01-2024 21:00,29-01-2024 21:33,808,30,Cash on Delivery,5% on App,165,35,0
95,C4104,R2866,14-01-2024 13:07,14-01-2024 14:45,1976,40,Credit Card,None,127,25,50
96,C8215,R2499,10-01-2024 05:17,10-01-2024 05:51,1248,40,Cash on Delivery,50 off Promo,157,23,0
97,C3454,R2505,08-01-2024 11:48,08-01-2024 13:32,237,30,Digital Wallet,5% on App,74,38,0
98,C9996,R2853,18-01-2024 22:21,19-01-2024 00:10,438,50,Cash on Delivery,50 off Promo,196,33,0
99,C3731,R2363,06-02-2024 03:29,06-02-2024 04:39,636,20,Credit Card,15% New User,88,24,0
100,C9154,R2279,20-01-2024 10:18,20-01-2024 10:51,167,50,Digital Wallet,None,168,28,0
101,C6056,R2592,10-01-2024 06:15,10-01-2024 06:46,1696,50,Credit Card,5% on App,128,17,0
102,C9110,R2713,23-01-2024 16:16,23-01-2024 17:52,1664,30,Cash on Delivery,None,129,43,0
103,C4840,R2157,20-01-2024 11:39,20-01-2024 12:29,482,40,Cash on Delivery,15% New User,76,11,0
104,C2028,R2631,22-01-2024 01:30,22-01-2024 03:09,118,50,Credit Card,None,153,36,0
105,C8385,R2058,13-01-2024 02:04,13-01-2024 03:16,782,40,Digital Wallet,None,123,19,0
106,C1502,R2726,25-01-2024 19:57,25-01-2024 21:48,1573,0,Cash on Delivery,10%,117,44,0
107,C7910,R2127,12-01-2024 04:01,12-01-2024 05:39,173,40,Cash on Delivery,None,196,32,50
108,C7938,R2735,06-01-2024 17:59,06-01-2024 18:37,672,20,Digital Wallet,50 off Promo,77,17,0
109,C5488,R2720,14-01-2024 20:00,14-01-2024 21:53,1038,20,Cash on Delivery,5% on App,172,37,100
110,C1206,R2881,14-01-2024 14:05,14-01-2024 15:02,1788,50,Credit Card,10%,187,32,0
111,C6134,R2114,01-02-2024 08:37,01-02-2024 09:32,1399,40,Cash on Delivery,5% on App,132,13,150
112,C6977,R2208,06-01-2024 04:37,06-01-2024 06:28,1171,50,Cash on Delivery,5% on App,79,23,0
113,C8721,R2525,01-01-2024 07:57,01-01-2024 09:49,310,30,Digital Wallet,15% New User,71,38,0
114,C8035,R2520,02-02-2024 19:05,02-02-2024 19:37,954,20,Credit Card,15% New User,52,10,0
115,C2484,R2551,06-02-2024 19:56,06-02-2024 21:38,750,50,Digital Wallet,10%,150,13,0
116,C8858,R2961,18-01-2024 10:47,18-01-2024 12:05,1745,30,Cash on Delivery,15% New User,154,41,0
117,C1863,R2236,15-01-2024 18:37,15-01-2024 19:23,1093,50,Cash on Delivery,15% New User,51,42,0
118,C3790,R2280,06-01-2024 15:33,06-01-2024 17:05,794,40,Digital Wallet,15% New User,103,35,0
119,C8408,R2358,15-01-2024 03:34,15-01-2024 04:58,639,40,Digital Wallet,5% on App,55,26,50
120,C9755,R2200,30-01-2024 06:06,30-01-2024 06:58,1832,40,Digital Wallet,10%,156,48,100
121,C6116,R2757,04-01-2024 15:50,04-01-2024 16:53,1314,40,Credit Card,5% on App,172,32,50
122,C7019,R2277,05-02-2024 05:55,05-02-2024 07:33,1438,0,Cash on Delivery,50 off Promo,51,41,0
123,C2757,R2234,06-02-2024 09:28,06-02-2024 10:12,1000,30,Digital Wallet,5% on App,160,24,0
124,C8574,R2493,02-01-2024 04:09,02-01-2024 05:25,1686,30,Cash on Delivery,50 off Promo,51,22,0
125,C7374,R2003,23-01-2024 03:42,23-01-2024 04:14,1784,40,Credit Card,None,142,11,150
126,C7892,R2665,03-02-2024 22:03,03-02-2024 23:55,879,0,Credit Card,None,150,28,0
127,C2678,R2441,03-02-2024 03:46,03-02-2024 04:43,1685,40,Credit Card,50 off Promo,146,33,0
128,C4242,R2028,16-01-2024 09:30,16-01-2024 10:02,1881,0,Credit Card,50 off Promo,160,33,100
129,C5636,R2108,02-01-2024 19:54,02-01-2024 20:27,1236,40,Cash on Delivery,5% on App,55,20,0
130,C2059,R2609,08-01-2024 08:14,08-01-2024 10:11,269,20,Credit Card,50 off Promo,176,31,0
131,C7668,R2726,31-01-2024 18:11,31-01-2024 19:11,1591,20,Credit Card,10%,153,24,50
132,C4157,R2804,06-01-2024 08:33,06-01-2024 09:47,1801,50,Digital Wallet,None,196,19,150
133,C6915,R2074,20-01-2024 09:37,20-01-2024 11:05,1137,40,Credit Card,None,50,50,150
134,C3693,R2837,23-01-2024 22:52,24-01-2024 00:06,1838,30,Digital Wallet,50 off Promo,82,36,0
135,C4627,R2145,18-01-2024 22:03,18-01-2024 23:47,387,50,Credit Card,15% New User,89,18,100
136,C6450,R2127,06-02-2024 05:25,06-02-2024 06:31,288,20,Credit Card,15% New User,81,37,100
137,C2663,R2852,31-01-2024 09:45,31-01-2024 11:19,1013,40,Digital Wallet,50 off Promo,66,10,0
138,C6592,R2041,12-01-2024 07:41,12-01-2024 08:19,1278,50,Credit Card,10%,175,26,50
139,C8392,R2355,02-02-2024 16:58,02-02-2024 17:44,1690,40,Cash on Delivery,15% New User,57,40,0
140,C2306,R2040,09-01-2024 14:14,09-01-2024 15:48,793,20,Cash on Delivery,50 off Promo,106,19,100
141,C7776,R2933,01-02-2024 15:05,01-02-2024 15:37,1845,50,Credit Card,10%,91,46,0
142,C6864,R2033,24-01-2024 14:15,24-01-2024 15:10,987,20,Cash on Delivery,10%,147,38,0
143,C8526,R2016,08-01-2024 21:36,08-01-2024 22:58,570,0,Digital Wallet,5% on App,186,27,0
144,C9901,R2676,01-02-2024 17:05,01-02-2024 18:05,1198,20,Credit Card,10%,169,47,50
145,C6575,R2152,31-01-2024 07:46,31-01-2024 08:41,376,40,Credit Card,15% New User,136,48,0
146,C6530,R2997,30-01-2024 19:25,30-01-2024 20:17,1039,30,Digital Wallet,15% New User,103,15,0
147,C5413,R2377,09-01-2024 08:23,09-01-2024 09:22,1768,20,Digital Wallet,50 off Promo,133,49,0
148,C4748,R2587,05-02-2024 08:28,05-02-2024 09:07,1466,30,Digital Wallet,50 off Promo,74,21,150
149,C1663,R2598,30-01-2024 02:58,30-01-2024 04:39,1548,0,Credit Card,10%,116,23,0
150,C2998,R2628,07-01-2024 00:22,07-01-2024 02:20,670,50,Digital Wallet,None,95,19,50
151,C8994,R2873,27-01-2024 23:08,28-01-2024 00:41,1634,50,Digital Wallet,5% on App,71,29,0
152,C2495,R2341,30-01-2024 21:15,30-01-2024 22:06,956,30,Cash on Delivery,None,188,24,0
153,C4304,R2980,03-02-2024 10:08,03-02-2024 10:52,1100,50,Cash on Delivery,10%,57,40,0
154,C4763,R2026,12-01-2024 08:54,12-01-2024 10:19,1305,20,Credit Card,10%,88,16,0
155,C6232,R2824,01-01-2024 10:05,01-01-2024 11:48,557,30,Cash on Delivery,None,98,50,0
156,C2853,R2286,29-01-2024 03:43,29-01-2024 04:32,1017,40,Cash on Delivery,5% on App,95,19,0
157,C7585,R2645,02-01-2024 19:28,02-01-2024 20:44,1974,20,Digital Wallet,None,87,19,0
158,C2291,R2730,06-02-2024 14:45,06-02-2024 16:41,932,20,Digital Wallet,50 off Promo,185,48,0
159,C4581,R2167,23-01-2024 10:32,23-01-2024 11:54,1187,20,Cash on Delivery,15% New User,103,37,50
160,C8554,R2609,03-02-2024 10:01,03-02-2024 11:23,938,40,Cash on Delivery,50 off Promo,141,39,0
161,C8280,R2267,05-01-2024 13:36,05-01-2024 14:06,1383,0,Cash on Delivery,15% New User,89,46,0
162,C2636,R2748,28-01-2024 00:45,28-01-2024 01:16,292,50,Credit Card,10%,83,12,0
163,C4696,R2820,01-02-2024 16:09,01-02-2024 17:36,1778,30,Credit Card,5% on App,145,24,100
164,C1698,R2454,13-01-2024 17:41,13-01-2024 18:29,715,0,Credit Card,None,128,30,150
165,C5737,R2905,19-01-2024 05:56,19-01-2024 07:27,505,30,Cash on Delivery,5% on App,176,46,100
166,C1854,R2684,17-01-2024 04:51,17-01-2024 06:38,1849,50,Cash on Delivery,None,66,21,0
167,C9164,R2400,13-01-2024 10:58,13-01-2024 12:39,1877,40,Credit Card,50 off Promo,159,13,0
168,C6855,R2921,23-01-2024 16:59,23-01-2024 17:40,1042,20,Credit Card,50 off Promo,101,18,0
169,C8392,R2980,03-02-2024 01:13,03-02-2024 02:08,820,20,Cash on Delivery,None,167,48,0
170,C7528,R2475,08-01-2024 16:34,08-01-2024 17:30,192,40,Digital Wallet,5% on App,58,37,0
171,C6249,R2701,27-01-2024 16:32,27-01-2024 17:30,529,0,Credit Card,None,82,32,150
172,C6172,R2633,02-02-2024 05:17,02-02-2024 06:01,753,0,Cash on Delivery,10%,162,49,0
173,C2707,R2557,23-01-2024 10:35,23-01-2024 11:50,1557,30,Cash on Delivery,50 off Promo,198,31,0
174,C6791,R2575,12-01-2024 21:40,12-01-2024 22:10,1527,40,Digital Wallet,10%,134,33,0
175,C6535,R2129,11-01-2024 04:28,11-01-2024 05:57,533,0,Cash on Delivery,50 off Promo,59,35,50
176,C5931,R2821,05-01-2024 03:38,05-01-2024 05:04,1235,40,Cash on Delivery,50 off Promo,55,39,150
177,C4510,R2362,05-02-2024 03:38,05-02-2024 04:10,474,50,Credit Card,15% New User,164,42,0
178,C1202,R2704,01-01-2024 22:12,01-01-2024 22:59,1182,20,Credit Card,10%,170,25,0
179,C5218,R2818,08-01-2024 08:08,08-01-2024 09:29,1166,20,Digital Wallet,10%,190,31,0
180,C9958,R2692,24-01-2024 15:27,24-01-2024 16:56,306,20,Digital Wallet,15% New User,114,27,0
181,C5389,R2291,13-01-2024 03:09,13-01-2024 04:12,879,40,Cash on Delivery,5% on App,69,16,0
182,C3327,R2370,18-01-2024 09:13,18-01-2024 11:11,1419,40,Credit Card,10%,106,35,0
183,C9004,R2793,28-01-2024 14:27,28-01-2024 15:56,1241,30,Digital Wallet,None,95,17,0
184,C3931,R2028,30-01-2024 23:54,31-01-2024 00:49,631,20,Digital Wallet,15% New User,185,15,50
185,C8777,R2148,23-01-2024 03:16,23-01-2024 04:57,1345,30,Digital Wallet,10%,59,39,0
186,C1197,R2778,19-01-2024 11:11,19-01-2024 11:59,265,20,Cash on Delivery,5% on App,162,48,0
187,C8125,R2295,03-01-2024 14:30,03-01-2024 15:21,742,30,Credit Card,10%,188,32,0
188,C2930,R2010,16-01-2024 05:53,16-01-2024 06:55,1279,30,Digital Wallet,50 off Promo,61,41,100
189,C7287,R2511,27-01-2024 04:50,27-01-2024 05:57,1307,50,Credit Card,None,187,31,0
190,C9800,R2675,25-01-2024 05:48,25-01-2024 06:52,189,30,Digital Wallet,15% New User,60,18,0
191,C5282,R2112,03-02-2024 02:51,03-02-2024 04:27,1217,40,Digital Wallet,50 off Promo,167,40,0
192,C3511,R2186,09-01-2024 15:36,09-01-2024 17:28,112,30,Credit Card,5% on App,88,16,0
193,C1659,R2806,13-01-2024 11:58,13-01-2024 12:37,1072,20,Credit Card,50 off Promo,102,18,0
194,C3811,R2743,15-01-2024 09:39,15-01-2024 10:23,1957,30,Credit Card,50 off Promo,105,22,0
195,C8098,R2226,22-01-2024 06:03,22-01-2024 06:43,904,0,Cash on Delivery,5% on App,153,12,0
196,C7546,R2309,26-01-2024 20:16,26-01-2024 22:15,1044,20,Digital Wallet,50 off Promo,178,44,0
197,C2986,R2097,16-01-2024 13:11,16-01-2024 14:04,841,0,Cash on Delivery,15% New User,105,42,50
198,C9338,R2054,28-01-2024 13:22,28-01-2024 15:08,1957,20,Credit Card,10%,167,30,0
199,C3911,R2622,20-01-2024 03:39,20-01-2024 04:12,1927,40,Digital Wallet,50 off Promo,181,40,0
200,C2734,R2663,13-01-2024 18:08,13-01-2024 18:50,1561,40,Cash on Delivery,15% New User,79,43,150
201,C2843,R2757,05-01-2024 16:26,05-01-2024 18:08,1661,40,Digital Wallet,10%,61,41,0
202,C9680,R2405,20-01-2024 20:31,20-01-2024 21:57,1710,0,Cash on Delivery,10%,84,44,0
203,C3976,R2068,07-01-2024 14:38,07-01-2024 15:44,975,50,Credit Card,50 off Promo,126,24,150
204,C2959,R2311,25-01-2024 00:30,25-01-2024 01:47,1934,20,Cash on Delivery,15% New User,151,41,0
205,C6759,R2288,12-01-2024 16:09,12-01-2024 17:49,1273,40,Digital Wallet,50 off Promo,136,15,0
206,C7694,R2761,30-01-2024 03:15,30-01-2024 03:45,759,20,Digital Wallet,5% on App,101,30,0
207,C3385,R2547,25-01-2024 03:30,25-01-2024 04:59,1131,0,Digital Wallet,10%,129,42,0
208,C5736,R2750,18-01-2024 09:08,18-01-2024 09:49,1152,50,Digital Wallet,50 off Promo,184,41,0
209,C2802,R2147,02-02-2024 04:04,02-02-2024 04:54,395,0,Credit Card,10%,71,28,50
210,C9155,R2466,23-01-2024 03:35,23-01-2024 04:15,1085,20,Cash on Delivery,15% New User,124,42,100
211,C9120,R2738,06-02-2024 02:32,06-02-2024 03:45,1025,50,Credit Card,None,107,37,0
212,C7616,R2243,02-02-2024 12:47,02-02-2024 14:14,1844,50,Credit Card,50 off Promo,142,40,150
213,C6534,R2490,07-01-2024 08:28,07-01-2024 09:41,739,0,Credit Card,50 off Promo,152,30,0
214,C5061,R2848,24-01-2024 03:20,24-01-2024 05:07,439,40,Digital Wallet,10%,189,43,0
215,C1262,R2957,10-01-2024 20:15,10-01-2024 21:18,727,20,Digital Wallet,15% New User,56,24,0
216,C7287,R2506,06-02-2024 03:16,06-02-2024 04:10,538,30,Digital Wallet,5% on App,177,23,0
217,C9815,R2364,12-01-2024 10:17,12-01-2024 10:50,1267,30,Cash on Delivery,15% New User,104,28,0
218,C3049,R2481,01-01-2024 16:26,01-01-2024 17:59,1041,0,Digital Wallet,50 off Promo,155,24,0
219,C6423,R2200,29-01-2024 07:34,29-01-2024 09:33,929,20,Cash on Delivery,5% on App,111,15,0
220,C5548,R2153,28-01-2024 18:16,28-01-2024 19:01,1870,20,Digital Wallet,15% New User,139,18,0
221,C4108,R2449,16-01-2024 19:40,16-01-2024 20:19,618,0,Digital Wallet,None,147,46,0
222,C8158,R2500,20-01-2024 16:41,20-01-2024 18:16,1075,20,Credit Card,10%,126,29,0
223,C8400,R2072,14-01-2024 18:09,14-01-2024 19:13,1168,40,Credit Card,15% New User,168,43,0
224,C4170,R2712,10-01-2024 12:42,10-01-2024 14:34,1054,0,Credit Card,15% New User,85,47,0
225,C3255,R2295,04-02-2024 15:38,04-02-2024 16:13,1362,40,Cash on Delivery,None,138,35,0
226,C2154,R2016,03-02-2024 04:29,03-02-2024 05:17,1051,20,Cash on Delivery,50 off Promo,194,27,150
227,C5499,R2640,03-01-2024 23:48,04-01-2024 01:16,1043,0,Digital Wallet,10%,179,37,0
228,C7295,R2216,12-01-2024 01:19,12-01-2024 02:41,254,20,Cash on Delivery,15% New User,190,18,0
229,C7197,R2060,16-01-2024 16:58,16-01-2024 17:35,1304,0,Digital Wallet,5% on App,142,41,0
230,C2648,R2938,26-01-2024 20:37,26-01-2024 22:24,1338,20,Cash on Delivery,15% New User,163,15,0
231,C6539,R2615,09-01-2024 03:57,09-01-2024 04:36,187,40,Cash on Delivery,10%,77,23,0
232,C5199,R2041,01-02-2024 00:12,01-02-2024 01:48,1379,40,Cash on Delivery,15% New User,192,37,0
233,C9445,R2024,04-02-2024 11:02,04-02-2024 12:09,1634,20,Credit Card,None,82,33,0
234,C3557,R2038,09-01-2024 15:46,09-01-2024 16:44,1196,0,Cash on Delivery,15% New User,69,22,0
235,C6592,R2802,02-02-2024 06:41,02-02-2024 07:25,1030,30,Credit Card,15% New User,189,21,0
236,C1098,R2130,15-01-2024 11:47,15-01-2024 13:43,278,40,Credit Card,5% on App,150,28,0
237,C3200,R2497,02-01-2024 16:08,02-01-2024 17:00,311,40,Cash on Delivery,None,72,30,0
238,C3961,R2228,05-01-2024 21:50,05-01-2024 23:41,1928,30,Digital Wallet,None,161,36,0
239,C5973,R2107,07-02-2024 19:42,07-02-2024 20:57,1357,20,Digital Wallet,15% New User,63,28,0
240,C5433,R2171,07-02-2024 17:42,07-02-2024 19:34,564,0,Digital Wallet,5% on App,140,33,0
241,C3869,R2434,17-01-2024 10:08,17-01-2024 11:05,1874,20,Cash on Delivery,15% New User,126,35,0
242,C1956,R2477,25-01-2024 09:57,25-01-2024 10:52,1346,50,Digital Wallet,15% New User,134,37,100
243,C9352,R2101,09-01-2024 02:32,09-01-2024 03:11,730,40,Credit Card,10%,158,27,0
244,C6699,R2865,09-01-2024 02:09,09-01-2024 03:25,924,50,Digital Wallet,10%,80,45,50
245,C7944,R2523,24-01-2024 00:34,24-01-2024 01:07,1387,40,Cash on Delivery,5% on App,171,38,50
246,C5493,R2274,01-01-2024 23:59,02-01-2024 01:23,1330,40,Digital Wallet,50 off Promo,156,26,0
247,C5911,R2612,25-01-2024 02:58,25-01-2024 04:33,706,50,Credit Card,10%,103,13,0
248,C4987,R2043,09-01-2024 17:42,09-01-2024 19:18,984,50,Cash on Delivery,50 off Promo,182,38,0
249,C7015,R2954,23-01-2024 13:23,23-01-2024 13:59,1857,20,Digital Wallet,None,190,13,0
250,C2218,R2816,03-01-2024 00:40,03-01-2024 02:04,465,50,Cash on Delivery,10%,92,19,100
251,C5496,R2956,07-02-2024 05:58,07-02-2024 07:47,375,20,Cash on Delivery,10%,138,34,0
252,C5735,R2016,01-01-2024 17:40,01-01-2024 18:40,479,20,Cash on Delivery,5% on App,164,40,0
253,C5555,R2329,04-01-2024 01:49,04-01-2024 03:32,1866,20,Digital Wallet,50 off Promo,148,12,0
254,C9050,R2568,18-01-2024 17:13,18-01-2024 18:01,1432,40,Cash on Delivery,10%,96,11,0
255,C4446,R2822,22-01-2024 10:55,22-01-2024 11:52,1754,40,Digital Wallet,10%,120,34,0
256,C2045,R2496,22-01-2024 19:09,22-01-2024 20:59,1391,50,Credit Card,5% on App,116,15,0
257,C7893,R2814,02-02-2024 17:11,02-02-2024 18:08,1044,40,Digital Wallet,5% on App,111,35,100
258,C2693,R2011,04-02-2024 23:11,04-02-2024 23:59,1908,50,Credit Card,50 off Promo,158,17,0
259,C4436,R2317,07-02-2024 19:04,07-02-2024 21:00,1187,40,Digital Wallet,None,86,44,0
260,C9754,R2591,02-01-2024 19:14,02-01-2024 20:03,909,0,Cash on Delivery,None,168,36,0
261,C6895,R2215,04-02-2024 18:17,04-02-2024 18:59,1473,0,Digital Wallet,15% New User,135,34,0
262,C4354,R2338,08-01-2024 07:37,08-01-2024 09:23,1024,50,Cash on Delivery,10%,175,27,0
263,C1225,R2775,07-01-2024 05:00,07-01-2024 06:12,593,40,Credit Card,50 off Promo,185,10,0
264,C5893,R2990,17-01-2024 07:53,17-01-2024 08:33,1646,40,Digital Wallet,10%,101,48,150
265,C8022,R2660,16-01-2024 20:31,16-01-2024 21:48,1221,20,Cash on Delivery,50 off Promo,140,12,100
266,C6600,R2080,21-01-2024 23:17,22-01-2024 00:01,1194,30,Credit Card,50 off Promo,82,13,0
267,C8996,R2726,24-01-2024 00:09,24-01-2024 00:55,463,50,Credit Card,50 off Promo,130,50,0
268,C8683,R2484,23-01-2024 01:27,23-01-2024 02:50,669,30,Digital Wallet,10%,91,46,0
269,C5642,R2373,07-01-2024 13:29,07-01-2024 14:48,1925,30,Credit Card,5% on App,161,24,0
270,C8679,R2975,17-01-2024 20:17,17-01-2024 21:14,862,50,Cash on Delivery,10%,175,17,0
271,C9208,R2709,12-01-2024 12:09,12-01-2024 14:01,375,40,Credit Card,50 off Promo,185,47,0
272,C8339,R2199,01-02-2024 08:40,01-02-2024 09:13,149,50,Credit Card,15% New User,200,28,0
273,C3205,R2536,03-01-2024 10:50,03-01-2024 11:41,1481,30,Cash on Delivery,None,155,35,0
274,C2069,R2465,15-01-2024 09:51,15-01-2024 11:46,827,40,Credit Card,50 off Promo,174,48,100
275,C4444,R2088,27-01-2024 04:24,27-01-2024 05:32,1005,0,Credit Card,15% New User,162,19,0
276,C2060,R2267,21-01-2024 17:58,21-01-2024 19:01,1027,50,Credit Card,5% on App,113,47,100
277,C3327,R2654,27-01-2024 21:05,27-01-2024 22:18,663,50,Credit Card,50 off Promo,172,23,0
278,C4420,R2570,07-01-2024 12:01,07-01-2024 13:12,882,40,Cash on Delivery,15% New User,163,50,150
279,C1301,R2921,07-01-2024 00:59,07-01-2024 02:08,584,0,Credit Card,50 off Promo,69,28,0
280,C1606,R2488,01-02-2024 06:56,01-02-2024 07:37,1207,0,Cash on Delivery,10%,65,39,0
281,C4170,R2876,21-01-2024 22:13,21-01-2024 22:44,1928,40,Credit Card,15% New User,194,14,0
282,C1699,R2537,01-01-2024 20:56,01-01-2024 21:53,1761,20,Credit Card,10%,68,40,150
283,C6088,R2046,31-01-2024 16:54,31-01-2024 18:37,1931,50,Credit Card,10%,169,16,100
284,C1190,R2287,31-01-2024 06:37,31-01-2024 08:32,683,50,Credit Card,15% New User,185,28,150
285,C1980,R2777,21-01-2024 13:16,21-01-2024 15:06,1419,30,Cash on Delivery,None,87,40,0
286,C3975,R2015,27-01-2024 23:09,28-01-2024 01:08,335,40,Cash on Delivery,15% New User,142,48,0
287,C7102,R2710,07-02-2024 21:19,07-02-2024 22:55,155,30,Cash on Delivery,None,154,33,50
288,C2184,R2400,13-01-2024 12:44,13-01-2024 14:24,459,30,Digital Wallet,50 off Promo,149,43,50
289,C4327,R2918,16-01-2024 01:07,16-01-2024 02:48,209,0,Credit Card,50 off Promo,139,32,0
290,C4394,R2793,20-01-2024 11:38,20-01-2024 13:31,291,50,Credit Card,15% New User,93,49,50
291,C9319,R2980,26-01-2024 11:44,26-01-2024 13:29,1003,30,Cash on Delivery,50 off Promo,125,15,100
292,C2816,R2085,18-01-2024 08:00,18-01-2024 09:50,1216,0,Digital Wallet,5% on App,194,47,0
293,C6854,R2249,30-01-2024 05:53,30-01-2024 06:32,961,40,Credit Card,10%,128,50,0
294,C7709,R2390,27-01-2024 03:48,27-01-2024 05:43,667,30,Cash on Delivery,10%,122,45,0
295,C1569,R2781,28-01-2024 17:22,28-01-2024 18:48,1183,50,Credit Card,None,189,36,150
296,C6442,R2334,03-01-2024 17:06,03-01-2024 19:01,749,30,Credit Card,50 off Promo,145,20,150
297,C2895,R2628,15-01-2024 09:52,15-01-2024 10:58,138,40,Cash on Delivery,None,138,14,0
298,C3733,R2518,30-01-2024 14:49,30-01-2024 16:35,1663,30,Cash on Delivery,10%,152,26,0
299,C4863,R2136,06-01-2024 19:12,06-01-2024 20:45,1172,50,Credit Card,10%,195,16,100
300,C8455,R2882,03-02-2024 08:29,03-02-2024 10:17,1543,0,Credit Card,50 off Promo,55,36,0
301,C5014,R2687,01-02-2024 19:36,01-02-2024 21:31,736,50,Cash on Delivery,5% on App,171,24,0
302,C2686,R2839,03-01-2024 06:14,03-01-2024 07:23,1136,0,Credit Card,5% on App,165,22,0
303,C4009,R2497,28-01-2024 02:56,28-01-2024 04:25,135,20,Credit Card,50 off Promo,111,20,50
304,C8806,R2826,06-01-2024 21:58,06-01-2024 23:15,200,50,Cash on Delivery,50 off Promo,193,35,0
305,C1154,R2726,25-01-2024 11:26,25-01-2024 12:14,1917,50,Credit Card,None,185,31,0
306,C2409,R2476,12-01-2024 17:13,12-01-2024 18:54,1209,40,Credit Card,50 off Promo,138,37,150
307,C1784,R2593,11-01-2024 00:49,11-01-2024 01:51,1639,30,Digital Wallet,5% on App,145,33,0
308,C9096,R2222,01-01-2024 13:38,01-01-2024 14:51,1346,0,Cash on Delivery,50 off Promo,175,38,0
309,C8560,R2989,05-02-2024 08:57,05-02-2024 10:03,1461,0,Digital Wallet,None,139,18,50
310,C8343,R2371,10-01-2024 23:54,11-01-2024 01:52,265,40,Digital Wallet,None,135,13,0
311,C8206,R2934,07-02-2024 04:48,07-02-2024 05:53,482,40,Digital Wallet,None,187,27,0
312,C6596,R2994,19-01-2024 09:21,19-01-2024 11:11,1979,30,Credit Card,None,170,25,0
313,C6801,R2401,07-02-2024 11:31,07-02-2024 13:28,1499,30,Credit Card,15% New User,125,42,0
314,C3806,R2442,02-02-2024 05:57,02-02-2024 06:47,1594,50,Digital Wallet,50 off Promo,141,38,0
315,C1537,R2489,07-01-2024 12:51,07-01-2024 13:22,889,20,Digital Wallet,10%,119,48,0
316,C6986,R2614,14-01-2024 04:43,14-01-2024 05:43,1765,30,Digital Wallet,50 off Promo,197,19,50
317,C2841,R2272,25-01-2024 22:39,25-01-2024 23:38,130,40,Credit Card,15% New User,182,18,0
318,C9716,R2525,03-01-2024 09:09,03-01-2024 10:54,1498,30,Digital Wallet,None,72,40,0
319,C7971,R2158,14-01-2024 23:14,15-01-2024 00:27,110,0,Digital Wallet,15% New User,186,37,50
320,C6625,R2151,09-01-2024 22:12,09-01-2024 22:53,1425,20,Cash on Delivery,5% on App,107,12,0
321,C3950,R2994,06-02-2024 02:33,06-02-2024 03:53,195,50,Cash on Delivery,5% on App,95,23,100
322,C8992,R2619,03-02-2024 11:03,03-02-2024 12:21,1313,0,Credit Card,50 off Promo,71,34,150
323,C5780,R2187,09-01-2024 14:11,09-01-2024 15:04,552,0,Cash on Delivery,50 off Promo,57,24,0
324,C3368,R2812,24-01-2024 21:39,24-01-2024 22:32,291,20,Cash on Delivery,10%,172,11,100
325,C7655,R2097,07-01-2024 06:33,07-01-2024 08:02,585,50,Cash on Delivery,10%,69,33,0
326,C9173,R2130,04-02-2024 16:13,04-02-2024 16:53,1389,40,Credit Card,5% on App,127,23,50
327,C5495,R2804,19-01-2024 06:07,19-01-2024 06:49,1547,50,Cash on Delivery,None,88,16,0
328,C7002,R2170,03-01-2024 23:34,04-01-2024 01:15,1251,30,Credit Card,15% New User,86,45,0
329,C7614,R2935,02-01-2024 02:06,02-01-2024 03:49,337,0,Digital Wallet,10%,124,33,0
330,C6919,R2985,17-01-2024 14:39,17-01-2024 16:20,1478,30,Cash on Delivery,10%,167,36,0
331,C1853,R2182,24-01-2024 03:03,24-01-2024 04:36,1235,40,Credit Card,None,153,46,0
332,C5146,R2982,24-01-2024 18:46,24-01-2024 19:35,1951,30,Cash on Delivery,None,80,47,0
333,C4769,R2363,03-01-2024 15:38,03-01-2024 17:19,1569,50,Digital Wallet,50 off Promo,172,39,150
334,C1574,R2038,10-01-2024 17:56,10-01-2024 19:38,1466,30,Credit Card,15% New User,103,36,0
335,C2148,R2526,03-01-2024 05:45,03-01-2024 07:25,1268,40,Credit Card,None,83,48,50
336,C7293,R2887,14-01-2024 09:47,14-01-2024 11:34,1188,40,Credit Card,10%,171,24,0
337,C7457,R2496,24-01-2024 02:17,24-01-2024 03:14,1370,40,Digital Wallet,10%,162,35,0
338,C8509,R2515,18-01-2024 06:48,18-01-2024 07:19,834,50,Digital Wallet,5% on App,111,10,0
339,C5777,R2348,30-01-2024 12:41,30-01-2024 13:53,1090,40,Digital Wallet,None,72,13,0
340,C4854,R2981,03-02-2024 19:40,03-02-2024 20:17,1613,0,Credit Card,50 off Promo,95,38,0
341,C3491,R2920,05-02-2024 02:18,05-02-2024 03:00,924,40,Digital Wallet,15% New User,105,10,0
342,C4124,R2396,16-01-2024 13:30,16-01-2024 15:24,1562,30,Cash on Delivery,50 off Promo,184,31,0
343,C6691,R2721,14-01-2024 00:28,14-01-2024 01:32,205,30,Digital Wallet,10%,167,20,0
344,C4051,R2160,13-01-2024 11:53,13-01-2024 12:45,280,30,Credit Card,50 off Promo,180,19,0
345,C1004,R2015,05-02-2024 22:45,06-02-2024 00:00,283,50,Cash on Delivery,10%,162,26,0
346,C6222,R2492,09-01-2024 01:01,09-01-2024 01:45,325,30,Digital Wallet,10%,93,45,100
347,C6315,R2425,16-01-2024 19:09,16-01-2024 19:40,876,50,Cash on Delivery,10%,177,35,0
348,C5869,R2107,13-01-2024 06:41,13-01-2024 08:11,889,50,Cash on Delivery,10%,157,30,100
349,C1876,R2893,04-02-2024 15:55,04-02-2024 17:40,1212,40,Credit Card,10%,66,22,100
350,C8027,R2449,07-02-2024 17:01,07-02-2024 18:34,787,0,Cash on Delivery,5% on App,108,18,0
351,C5142,R2310,01-02-2024 14:59,01-02-2024 16:20,629,40,Cash on Delivery,50 off Promo,187,20,0
352,C7966,R2738,03-01-2024 08:47,03-01-2024 09:52,1494,40,Credit Card,5% on App,148,20,0
353,C8079,R2169,23-01-2024 22:04,23-01-2024 23:40,1071,50,Credit Card,5% on App,133,15,100
354,C8987,R2545,07-01-2024 10:20,07-01-2024 11:58,1035,50,Credit Card,None,195,10,50
355,C7799,R2413,07-02-2024 00:59,07-02-2024 02:35,1522,30,Cash on Delivery,None,94,15,0
356,C5465,R2250,05-01-2024 16:02,05-01-2024 17:18,205,30,Cash on Delivery,None,157,22,0
357,C1635,R2758,26-01-2024 01:26,26-01-2024 03:18,1394,40,Cash on Delivery,15% New User,111,31,0
358,C2693,R2780,05-01-2024 08:52,05-01-2024 09:23,930,20,Credit Card,None,108,40,0
359,C5752,R2140,02-01-2024 08:21,02-01-2024 09:34,1626,20,Digital Wallet,50 off Promo,187,31,0
360,C9311,R2273,26-01-2024 02:36,26-01-2024 04:09,778,30,Cash on Delivery,5% on App,60,46,0
361,C1830,R2415,12-01-2024 10:05,12-01-2024 11:55,1648,20,Digital Wallet,50 off Promo,151,36,0
362,C6177,R2607,02-02-2024 16:11,02-02-2024 17:58,948,30,Credit Card,None,119,23,0
363,C9932,R2738,28-01-2024 10:20,28-01-2024 11:17,1155,50,Cash on Delivery,15% New User,172,14,150
364,C9308,R2890,30-01-2024 14:39,30-01-2024 16:02,492,40,Digital Wallet,15% New User,83,45,0
365,C6949,R2038,16-01-2024 14:11,16-01-2024 15:54,139,0,Cash on Delivery,5% on App,150,41,0
366,C3838,R2813,26-01-2024 20:07,26-01-2024 21:43,759,40,Cash on Delivery,50 off Promo,194,43,100
367,C2150,R2028,01-02-2024 19:05,01-02-2024 20:10,1341,30,Cash on Delivery,10%,153,16,50
368,C8560,R2957,10-01-2024 18:09,10-01-2024 19:41,1854,30,Digital Wallet,50 off Promo,89,19,50
369,C2931,R2476,02-01-2024 21:59,02-01-2024 22:53,1080,40,Credit Card,None,68,26,0
370,C2664,R2317,25-01-2024 04:42,25-01-2024 06:37,1205,30,Cash on Delivery,10%,116,39,0
371,C2081,R2244,23-01-2024 02:13,23-01-2024 03:30,944,20,Credit Card,15% New User,131,30,0
372,C1512,R2747,06-02-2024 08:23,06-02-2024 09:31,1843,20,Credit Card,5% on App,113,22,0
373,C8805,R2696,18-01-2024 22:01,18-01-2024 23:17,300,30,Digital Wallet,5% on App,132,10,0
374,C6237,R2271,06-01-2024 17:12,06-01-2024 18:02,546,30,Digital Wallet,15% New User,96,10,100
375,C1559,R2439,27-01-2024 22:12,27-01-2024 23:11,1967,20,Credit Card,None,55,42,150
376,C4672,R2747,29-01-2024 21:13,29-01-2024 22:13,1551,30,Cash on Delivery,15% New User,65,47,0
377,C8404,R2238,28-01-2024 04:16,28-01-2024 05:11,1161,30,Digital Wallet,None,195,34,0
378,C4343,R2376,05-02-2024 02:44,05-02-2024 03:35,1334,40,Cash on Delivery,10%,88,35,0
379,C5070,R2265,01-02-2024 19:03,01-02-2024 19:53,543,0,Cash on Delivery,15% New User,162,22,100
380,C1580,R2925,09-01-2024 06:18,09-01-2024 06:48,1450,20,Cash on Delivery,None,189,37,0
381,C8004,R2920,19-01-2024 01:25,19-01-2024 02:31,860,40,Credit Card,10%,187,42,100
382,C9130,R2358,10-01-2024 00:50,10-01-2024 02:36,326,0,Cash on Delivery,15% New User,120,46,0
383,C4147,R2339,04-01-2024 03:30,04-01-2024 05:24,147,30,Credit Card,5% on App,159,50,0
384,C5249,R2388,18-01-2024 23:43,19-01-2024 00:58,1141,30,Credit Card,15% New User,104,39,0
385,C2679,R2576,28-01-2024 22:10,28-01-2024 22:48,1011,40,Cash on Delivery,50 off Promo,178,17,0
386,C4506,R2989,29-01-2024 10:27,29-01-2024 11:13,1562,30,Cash on Delivery,15% New User,98,10,0
387,C8253,R2688,20-01-2024 17:29,20-01-2024 18:45,1930,50,Cash on Delivery,50 off Promo,70,21,0
388,C3744,R2002,30-01-2024 12:42,30-01-2024 14:36,1831,40,Cash on Delivery,10%,86,14,150
389,C6188,R2428,06-02-2024 04:49,06-02-2024 06:17,286,0,Credit Card,15% New User,165,33,0
390,C3141,R2141,25-01-2024 18:26,25-01-2024 19:49,444,40,Cash on Delivery,10%,73,15,50
391,C7617,R2375,10-01-2024 15:57,10-01-2024 17:52,323,20,Cash on Delivery,10%,104,34,0
392,C3479,R2669,28-01-2024 10:17,28-01-2024 10:58,929,40,Credit Card,None,74,10,50
393,C7484,R2323,06-02-2024 16:55,06-02-2024 18:28,587,30,Digital Wallet,10%,184,34,50
394,C8421,R2145,28-01-2024 15:24,28-01-2024 15:59,976,30,Digital Wallet,10%,176,10,0
395,C5452,R2957,03-02-2024 09:03,03-02-2024 10:25,948,50,Credit Card,15% New User,142,41,0
396,C6881,R2292,15-01-2024 19:43,15-01-2024 20:28,1352,50,Digital Wallet,15% New User,143,12,0
397,C7665,R2664,09-01-2024 17:31,09-01-2024 19:30,1513,50,Credit Card,5% on App,120,28,0
398,C3849,R2431,26-01-2024 17:15,26-01-2024 17:49,1078,0,Cash on Delivery,None,171,38,0
399,C8390,R2704,16-01-2024 02:38,16-01-2024 04:20,1712,50,Cash on Delivery,10%,73,11,0
400,C7905,R2948,13-01-2024 22:19,13-01-2024 23:34,1116,0,Digital Wallet,None,60,18,50
401,C3489,R2974,04-01-2024 13:43,04-01-2024 14:26,287,50,Cash on Delivery,50 off Promo,122,26,0
402,C5611,R2584,27-01-2024 06:01,27-01-2024 07:14,1981,0,Digital Wallet,10%,61,45,0
403,C3839,R2398,14-01-2024 18:40,14-01-2024 20:12,369,40,Digital Wallet,None,84,26,0
404,C9527,R2816,21-01-2024 21:05,21-01-2024 22:26,1730,40,Cash on Delivery,5% on App,190,21,0
405,C6878,R2888,04-02-2024 07:37,04-02-2024 08:32,409,30,Cash on Delivery,5% on App,72,29,0
406,C7303,R2343,14-01-2024 06:38,14-01-2024 08:00,1255,0,Digital Wallet,10%,132,12,0
407,C1851,R2963,04-02-2024 05:16,04-02-2024 06:14,1674,20,Cash on Delivery,50 off Promo,137,13,150
408,C2687,R2139,27-01-2024 10:29,27-01-2024 11:17,1195,30,Credit Card,5% on App,129,26,0
409,C7833,R2186,04-01-2024 14:12,04-01-2024 15:28,1916,40,Cash on Delivery,5% on App,146,46,0
410,C3427,R2804,25-01-2024 14:40,25-01-2024 15:17,944,0,Cash on Delivery,50 off Promo,189,24,0
411,C5000,R2060,15-01-2024 17:08,15-01-2024 18:00,1795,50,Credit Card,None,83,42,50
412,C6052,R2996,13-01-2024 02:05,13-01-2024 03:09,1310,20,Cash on Delivery,5% on App,124,25,0
413,C3738,R2938,03-01-2024 05:49,03-01-2024 07:11,585,40,Cash on Delivery,15% New User,177,20,150
414,C6732,R2379,25-01-2024 11:45,25-01-2024 13:12,1314,30,Digital Wallet,5% on App,190,29,0
415,C6387,R2709,12-01-2024 18:03,12-01-2024 18:37,1545,0,Cash on Delivery,None,80,47,0
416,C9002,R2806,02-02-2024 19:25,02-02-2024 20:10,219,20,Cash on Delivery,None,179,33,0
417,C6536,R2439,23-01-2024 09:04,23-01-2024 09:50,319,0,Credit Card,10%,152,25,0
418,C4913,R2318,08-01-2024 17:45,08-01-2024 18:46,152,50,Digital Wallet,15% New User,64,39,100
419,C2066,R2301,27-01-2024 18:49,27-01-2024 20:10,1857,30,Digital Wallet,None,106,43,0
420,C8723,R2343,11-01-2024 12:07,11-01-2024 12:56,1574,0,Digital Wallet,50 off Promo,124,10,0
421,C5380,R2010,13-01-2024 18:54,13-01-2024 20:29,1535,40,Cash on Delivery,15% New User,83,33,150
422,C5107,R2061,20-01-2024 06:25,20-01-2024 08:18,1766,30,Digital Wallet,15% New User,152,33,0
423,C6726,R2844,22-01-2024 07:05,22-01-2024 08:56,1360,40,Credit Card,50 off Promo,124,18,0
424,C4373,R2225,07-02-2024 19:08,07-02-2024 19:38,857,0,Digital Wallet,5% on App,78,31,100
425,C9945,R2152,05-01-2024 08:57,05-01-2024 10:24,837,30,Credit Card,50 off Promo,65,21,0
426,C3082,R2710,01-01-2024 02:58,01-01-2024 04:50,819,40,Digital Wallet,50 off Promo,126,26,0
427,C9967,R2563,07-01-2024 04:20,07-01-2024 05:33,505,50,Digital Wallet,5% on App,86,34,50
428,C7748,R2771,06-02-2024 15:08,06-02-2024 15:43,707,50,Credit Card,5% on App,130,37,0
429,C1417,R2570,31-01-2024 06:36,31-01-2024 07:55,1120,0,Digital Wallet,5% on App,198,24,100
430,C9306,R2583,02-01-2024 08:53,02-01-2024 10:34,521,30,Digital Wallet,5% on App,173,39,0
431,C9808,R2659,23-01-2024 22:37,24-01-2024 00:34,811,20,Digital Wallet,5% on App,68,36,100
432,C4974,R2860,20-01-2024 14:02,20-01-2024 14:51,346,30,Cash on Delivery,50 off Promo,151,31,100
433,C4267,R2574,21-01-2024 17:48,21-01-2024 18:31,171,50,Credit Card,10%,185,19,50
434,C1825,R2309,07-02-2024 20:23,07-02-2024 20:57,1953,40,Digital Wallet,10%,126,40,0
435,C8668,R2884,03-01-2024 11:50,03-01-2024 13:00,284,20,Credit Card,None,90,36,150
436,C6745,R2242,06-02-2024 05:21,06-02-2024 06:30,105,0,Credit Card,10%,110,21,0
437,C1412,R2492,31-01-2024 18:03,31-01-2024 19:06,1329,20,Credit Card,10%,75,40,50
438,C8543,R2365,22-01-2024 14:14,22-01-2024 16:03,1667,0,Digital Wallet,50 off Promo,120,41,0
439,C8587,R2329,05-01-2024 12:55,05-01-2024 14:09,1734,20,Digital Wallet,5% on App,152,41,0
440,C1728,R2106,05-01-2024 12:19,05-01-2024 13:59,1005,0,Credit Card,5% on App,119,50,50
441,C8164,R2225,25-01-2024 17:06,25-01-2024 18:55,486,0,Cash on Delivery,50 off Promo,156,44,0
442,C9867,R2824,21-01-2024 05:10,21-01-2024 06:50,1891,20,Credit Card,10%,156,30,0
443,C6988,R2217,01-01-2024 05:01,01-01-2024 05:57,798,20,Cash on Delivery,50 off Promo,152,19,0
444,C3504,R2936,01-01-2024 10:00,01-01-2024 11:47,1199,0,Credit Card,None,68,25,0
445,C3967,R2752,15-01-2024 09:43,15-01-2024 11:30,1300,50,Credit Card,5% on App,117,16,0
446,C3786,R2505,03-01-2024 16:56,03-01-2024 18:09,926,20,Credit Card,15% New User,119,13,100
447,C2122,R2258,01-02-2024 09:16,01-02-2024 10:18,1922,30,Digital Wallet,None,162,36,0
448,C5079,R2887,23-01-2024 04:52,23-01-2024 05:54,448,40,Cash on Delivery,None,106,34,0
449,C2571,R2773,08-01-2024 02:46,08-01-2024 03:59,1378,0,Cash on Delivery,50 off Promo,110,40,0
450,C6073,R2516,19-01-2024 07:47,19-01-2024 08:36,1960,0,Credit Card,10%,141,20,0
451,C6104,R2772,09-01-2024 09:45,09-01-2024 10:50,1825,40,Digital Wallet,5% on App,79,29,0
452,C3143,R2053,21-01-2024 18:24,21-01-2024 19:00,407,50,Digital Wallet,15% New User,176,45,100
453,C7806,R2046,25-01-2024 23:44,26-01-2024 00:45,1468,40,Cash on Delivery,None,164,26,150
454,C8357,R2726,09-01-2024 18:29,09-01-2024 20:05,1250,20,Digital Wallet,15% New User,55,20,0
455,C4440,R2688,04-02-2024 12:27,04-02-2024 13:35,386,40,Cash on Delivery,10%,67,39,0
456,C4766,R2520,08-01-2024 17:28,08-01-2024 18:21,865,0,Cash on Delivery,10%,59,44,0
457,C6644,R2098,03-02-2024 07:28,03-02-2024 09:23,824,40,Cash on Delivery,15% New User,141,50,100
458,C3914,R2019,04-01-2024 07:48,04-01-2024 09:27,861,30,Digital Wallet,5% on App,188,47,0
459,C5968,R2889,02-01-2024 00:17,02-01-2024 02:14,1719,20,Cash on Delivery,10%,126,31,0
460,C6917,R2752,06-02-2024 19:25,06-02-2024 21:21,1610,40,Cash on Delivery,15% New User,150,36,150
461,C9787,R2572,24-01-2024 15:30,24-01-2024 16:53,482,0,Credit Card,None,133,46,100
462,C1728,R2890,03-01-2024 05:15,03-01-2024 06:22,1529,20,Cash on Delivery,15% New User,101,44,100
463,C2365,R2489,13-01-2024 15:46,13-01-2024 17:29,487,0,Cash on Delivery,15% New User,80,13,50
464,C5492,R2418,05-02-2024 17:43,05-02-2024 19:32,624,50,Credit Card,50 off Promo,194,25,0
465,C1698,R2689,13-01-2024 23:47,14-01-2024 01:31,1680,30,Credit Card,10%,159,25,150
466,C8186,R2849,02-02-2024 11:06,02-02-2024 12:07,738,50,Digital Wallet,5% on App,142,30,0
467,C1395,R2061,04-01-2024 09:38,04-01-2024 10:52,1037,30,Cash on Delivery,5% on App,102,35,0
468,C8400,R2144,19-01-2024 16:08,19-01-2024 17:38,1749,40,Digital Wallet,50 off Promo,194,45,100
469,C9082,R2215,14-01-2024 00:59,14-01-2024 02:38,375,20,Digital Wallet,5% on App,135,28,0
470,C5171,R2002,01-02-2024 15:17,01-02-2024 17:14,599,40,Credit Card,15% New User,51,26,50
471,C5360,R2159,22-01-2024 12:27,22-01-2024 13:49,816,30,Digital Wallet,50 off Promo,135,35,100
472,C3502,R2738,03-02-2024 10:51,03-02-2024 12:11,436,30,Cash on Delivery,None,182,31,0
473,C1717,R2997,24-01-2024 09:43,24-01-2024 11:28,1031,30,Credit Card,10%,53,37,0
474,C3782,R2780,31-01-2024 13:54,31-01-2024 15:19,580,0,Cash on Delivery,10%,55,10,100
475,C5946,R2119,20-01-2024 17:09,20-01-2024 18:05,1010,20,Cash on Delivery,10%,198,45,0
476,C6486,R2892,15-01-2024 11:55,15-01-2024 13:02,1396,40,Credit Card,15% New User,167,46,0
477,C9335,R2088,02-01-2024 04:56,02-01-2024 06:27,1181,40,Cash on Delivery,None,138,11,100
478,C5980,R2328,18-01-2024 06:04,18-01-2024 06:51,1451,50,Credit Card,50 off Promo,63,26,0
479,C8266,R2579,06-01-2024 15:28,06-01-2024 17:01,1854,30,Cash on Delivery,50 off Promo,105,49,150
480,C5491,R2909,11-01-2024 16:26,11-01-2024 18:12,208,30,Credit Card,10%,130,47,100
481,C8192,R2356,04-02-2024 05:41,04-02-2024 06:40,1402,30,Digital Wallet,None,198,30,0
482,C6588,R2609,04-02-2024 02:51,04-02-2024 04:09,1809,40,Cash on Delivery,None,95,18,0
483,C8651,R2266,13-01-2024 11:36,13-01-2024 12:46,427,50,Credit Card,None,193,22,0
484,C4636,R2616,06-02-2024 11:27,06-02-2024 12:09,1899,0,Cash on Delivery,5% on App,65,20,0
485,C2167,R2951,27-01-2024 03:42,27-01-2024 04:45,414,20,Cash on Delivery,5% on App,169,25,0
486,C2062,R2322,09-01-2024 00:30,09-01-2024 01:24,1597,0,Cash on Delivery,10%,133,25,0
487,C3156,R2634,12-01-2024 11:24,12-01-2024 12:59,1234,40,Credit Card,None,57,11,50
488,C8860,R2987,02-01-2024 16:29,02-01-2024 17:16,798,30,Digital Wallet,None,137,17,0
489,C6161,R2540,08-01-2024 09:19,08-01-2024 09:53,880,20,Digital Wallet,50 off Promo,180,22,0
490,C6305,R2648,31-01-2024 11:16,31-01-2024 12:04,1352,40,Digital Wallet,50 off Promo,68,26,50
491,C7541,R2194,02-02-2024 06:23,02-02-2024 07:34,1620,40,Credit Card,10%,146,48,0
492,C5729,R2920,12-01-2024 05:03,12-01-2024 05:50,255,40,Digital Wallet,None,115,33,0
493,C8330,R2737,01-01-2024 06:30,01-01-2024 07:31,1596,20,Credit Card,10%,128,12,0
494,C6334,R2331,15-01-2024 11:29,15-01-2024 12:19,1824,20,Cash on Delivery,50 off Promo,135,39,0
495,C9924,R2169,18-01-2024 05:53,18-01-2024 06:32,1395,50,Cash on Delivery,50 off Promo,173,22,150
496,C5330,R2520,03-02-2024 05:08,03-02-2024 06:14,986,50,Digital Wallet,5% on App,199,28,0
497,C9010,R2462,04-02-2024 13:07,04-02-2024 14:25,1125,0,Credit Card,10%,95,16,50
498,C7801,R2039,21-01-2024 22:36,22-01-2024 00:31,857,20,Cash on Delivery,10%,162,18,0
499,C5846,R2536,13-01-2024 08:05,13-01-2024 08:47,821,20,Credit Card,None,140,28,50
500,C7731,R2260,20-01-2024 22:00,20-01-2024 23:24,1634,20,Credit Card,None,190,49,150
501,C8241,R2394,07-01-2024 10:28,07-01-2024 11:14,1012,50,Cash on Delivery,5% on App,82,31,100
502,C1953,R2954,12-01-2024 03:49,12-01-2024 04:27,1409,40,Credit Card,15% New User,182,27,50
503,C3539,R2225,04-02-2024 20:48,04-02-2024 22:45,970,30,Cash on Delivery,15% New User,126,32,0
504,C8056,R2983,18-01-2024 17:14,18-01-2024 18:27,112,50,Cash on Delivery,15% New User,170,11,0
505,C2542,R2123,01-01-2024 02:12,01-01-2024 03:59,707,20,Cash on Delivery,10%,177,20,0
506,C6293,R2974,27-01-2024 21:08,27-01-2024 22:23,597,50,Credit Card,10%,127,40,50
507,C2191,R2037,15-01-2024 13:11,15-01-2024 13:48,1856,0,Cash on Delivery,50 off Promo,116,42,0
508,C7313,R2327,15-01-2024 01:01,15-01-2024 02:07,337,20,Credit Card,10%,164,23,0
509,C7938,R2250,07-01-2024 09:27,07-01-2024 10:15,1217,0,Cash on Delivery,10%,112,25,0
510,C3681,R2900,03-01-2024 21:52,03-01-2024 23:24,1461,20,Cash on Delivery,10%,162,20,0
511,C2540,R2175,21-01-2024 07:48,21-01-2024 09:03,880,50,Digital Wallet,5% on App,143,42,0
512,C7172,R2601,10-01-2024 17:45,10-01-2024 19:25,1294,40,Digital Wallet,10%,97,16,0
513,C6541,R2913,11-01-2024 00:10,11-01-2024 01:05,705,30,Digital Wallet,None,61,40,0
514,C2365,R2453,17-01-2024 12:42,17-01-2024 13:57,760,0,Credit Card,None,194,23,150
515,C9691,R2036,11-01-2024 19:56,11-01-2024 21:11,1747,50,Credit Card,50 off Promo,89,37,0
516,C9702,R2315,06-01-2024 10:51,06-01-2024 12:35,1690,40,Cash on Delivery,5% on App,134,25,50
517,C8494,R2687,23-01-2024 05:41,23-01-2024 06:24,948,50,Cash on Delivery,None,106,28,0
518,C5312,R2972,01-01-2024 16:49,01-01-2024 18:43,1035,0,Cash on Delivery,5% on App,136,26,150
519,C2324,R2795,27-01-2024 20:44,27-01-2024 22:16,1590,30,Cash on Delivery,5% on App,133,35,100
520,C4141,R2964,02-02-2024 16:37,02-02-2024 18:18,727,50,Credit Card,50 off Promo,170,15,100
521,C8419,R2972,05-02-2024 17:23,05-02-2024 17:55,242,20,Cash on Delivery,5% on App,123,18,100
522,C4486,R2592,25-01-2024 06:23,25-01-2024 07:20,1324,40,Cash on Delivery,10%,156,26,0
523,C2810,R2113,19-01-2024 16:49,19-01-2024 17:47,1303,50,Digital Wallet,5% on App,173,40,100
524,C7588,R2039,28-01-2024 04:07,28-01-2024 06:03,813,40,Cash on Delivery,50 off Promo,149,21,0
525,C3923,R2300,12-01-2024 06:19,12-01-2024 07:06,1487,20,Cash on Delivery,50 off Promo,92,32,0
526,C6301,R2223,06-02-2024 01:46,06-02-2024 02:50,578,30,Cash on Delivery,50 off Promo,168,14,0
527,C5186,R2317,18-01-2024 06:20,18-01-2024 08:06,664,30,Credit Card,None,72,45,100
528,C9905,R2348,09-01-2024 02:54,09-01-2024 04:39,570,20,Digital Wallet,10%,86,45,0
529,C6977,R2114,18-01-2024 18:04,18-01-2024 19:20,483,40,Cash on Delivery,None,183,12,150
530,C5268,R2697,04-02-2024 18:17,04-02-2024 18:51,1815,50,Cash on Delivery,15% New User,114,33,0
531,C5748,R2322,24-01-2024 20:42,24-01-2024 22:26,1025,20,Digital Wallet,10%,183,26,150
532,C5849,R2567,14-01-2024 22:38,15-01-2024 00:06,516,0,Cash on Delivery,5% on App,71,48,50
533,C4709,R2039,02-02-2024 07:05,02-02-2024 08:49,1948,40,Credit Card,50 off Promo,154,35,150
534,C7619,R2865,06-02-2024 22:17,06-02-2024 23:45,407,30,Cash on Delivery,15% New User,137,13,0
535,C9647,R2039,02-02-2024 04:51,02-02-2024 06:07,748,20,Credit Card,10%,174,21,0
536,C4072,R2858,21-01-2024 10:25,21-01-2024 11:07,1817,30,Credit Card,None,128,10,0
537,C7530,R2972,15-01-2024 11:23,15-01-2024 13:10,1490,40,Cash on Delivery,50 off Promo,139,30,0
538,C1504,R2748,24-01-2024 08:06,24-01-2024 10:04,1124,30,Digital Wallet,None,100,28,150
539,C2214,R2288,27-01-2024 21:10,27-01-2024 22:12,1167,20,Credit Card,10%,151,30,0
540,C2531,R2261,06-02-2024 17:37,06-02-2024 19:08,838,40,Digital Wallet,10%,155,27,0
541,C8576,R2215,23-01-2024 20:39,23-01-2024 22:27,1966,0,Cash on Delivery,15% New User,109,12,0
542,C1823,R2146,02-01-2024 14:11,02-01-2024 14:56,1221,20,Credit Card,5% on App,95,41,0
543,C1928,R2335,07-02-2024 12:51,07-02-2024 14:04,1843,50,Cash on Delivery,None,85,19,100
544,C6029,R2167,11-01-2024 12:41,11-01-2024 14:08,1388,20,Digital Wallet,15% New User,60,49,0
545,C1133,R2091,01-02-2024 11:16,01-02-2024 11:51,1923,40,Cash on Delivery,50 off Promo,61,24,0
546,C3105,R2352,19-01-2024 17:55,19-01-2024 19:53,1906,20,Cash on Delivery,5% on App,88,14,0
547,C4627,R2570,30-01-2024 23:31,31-01-2024 00:15,239,0,Credit Card,15% New User,188,13,150
548,C7316,R2570,19-01-2024 20:08,19-01-2024 20:41,1604,0,Cash on Delivery,None,85,37,150
549,C2852,R2815,25-01-2024 13:01,25-01-2024 14:26,1360,50,Cash on Delivery,10%,101,13,0
550,C5910,R2680,12-01-2024 02:50,12-01-2024 04:23,1073,30,Cash on Delivery,50 off Promo,80,24,0
551,C5175,R2780,05-01-2024 22:43,06-01-2024 00:20,1116,40,Credit Card,None,82,26,0
552,C6348,R2362,30-01-2024 07:22,30-01-2024 08:25,1052,40,Digital Wallet,5% on App,190,12,50
553,C7190,R2556,23-01-2024 09:08,23-01-2024 10:33,1003,30,Digital Wallet,5% on App,195,19,0
554,C2256,R2344,03-02-2024 12:26,03-02-2024 13:27,171,0,Cash on Delivery,10%,107,32,50
555,C4376,R2692,18-01-2024 21:03,18-01-2024 21:41,1790,0,Credit Card,10%,177,27,0
556,C6645,R2169,16-01-2024 00:27,16-01-2024 01:59,1313,20,Cash on Delivery,50 off Promo,80,10,0
557,C4486,R2355,04-02-2024 00:49,04-02-2024 02:30,1391,50,Digital Wallet,50 off Promo,104,44,0
558,C4584,R2190,06-01-2024 01:01,06-01-2024 02:48,1444,50,Credit Card,10%,59,40,0
559,C9053,R2666,25-01-2024 22:22,25-01-2024 23:24,206,50,Digital Wallet,10%,179,10,0
560,C4330,R2421,29-01-2024 03:08,29-01-2024 05:04,1355,20,Digital Wallet,5% on App,64,12,0
561,C3703,R2699,07-02-2024 13:19,07-02-2024 14:09,1165,50,Credit Card,10%,52,12,150
562,C9662,R2006,15-01-2024 05:54,15-01-2024 07:18,1825,30,Credit Card,15% New User,92,46,0
563,C9120,R2132,05-02-2024 19:43,05-02-2024 21:28,982,20,Cash on Delivery,None,116,28,0
564,C8114,R2746,29-01-2024 10:14,29-01-2024 11:40,238,30,Cash on Delivery,10%,105,38,0
565,C2353,R2556,06-01-2024 16:00,06-01-2024 16:31,714,20,Digital Wallet,50 off Promo,112,34,100
566,C6063,R2825,04-01-2024 08:14,04-01-2024 08:56,1806,50,Credit Card,15% New User,64,42,0
567,C9549,R2760,10-01-2024 10:07,10-01-2024 10:40,962,30,Credit Card,50 off Promo,158,45,0
568,C8575,R2030,20-01-2024 08:38,20-01-2024 10:31,372,30,Cash on Delivery,15% New User,165,38,0
569,C1667,R2534,07-01-2024 10:17,07-01-2024 11:36,1604,30,Digital Wallet,10%,141,35,0
570,C5468,R2425,11-01-2024 17:37,11-01-2024 18:54,515,20,Digital Wallet,None,187,13,50
571,C7819,R2393,18-01-2024 21:30,18-01-2024 23:17,605,40,Cash on Delivery,50 off Promo,96,23,0
572,C4719,R2671,07-02-2024 07:01,07-02-2024 08:00,832,50,Credit Card,15% New User,106,36,0
573,C3745,R2362,15-01-2024 08:53,15-01-2024 09:51,1848,30,Cash on Delivery,5% on App,99,42,0
574,C8483,R2436,27-01-2024 12:21,27-01-2024 12:58,1976,40,Cash on Delivery,10%,120,31,0
575,C1539,R2669,07-01-2024 21:05,07-01-2024 21:46,523,50,Cash on Delivery,None,192,12,0
576,C5964,R2550,01-01-2024 17:30,01-01-2024 18:40,1530,50,Cash on Delivery,10%,195,32,150
577,C5835,R2926,31-01-2024 09:59,31-01-2024 10:54,1691,30,Credit Card,5% on App,131,30,0
578,C4775,R2081,01-02-2024 16:40,01-02-2024 17:59,489,30,Cash on Delivery,None,165,50,0
579,C7042,R2355,15-01-2024 20:19,15-01-2024 20:50,441,20,Credit Card,5% on App,154,32,50
580,C8102,R2257,03-01-2024 08:46,03-01-2024 10:10,1045,40,Cash on Delivery,10%,137,13,0
581,C8312,R2717,06-01-2024 19:33,06-01-2024 20:58,713,40,Digital Wallet,15% New User,51,30,50
582,C6320,R2588,27-01-2024 01:23,27-01-2024 02:06,592,30,Credit Card,10%,153,46,150
583,C7132,R2988,16-01-2024 10:45,16-01-2024 11:20,291,50,Digital Wallet,10%,133,40,0
584,C8891,R2523,20-01-2024 10:26,20-01-2024 12:16,598,30,Cash on Delivery,10%,92,30,0
585,C3779,R2294,13-01-2024 00:23,13-01-2024 02:21,921,50,Cash on Delivery,50 off Promo,120,35,100
586,C1924,R2961,08-01-2024 15:35,08-01-2024 17:05,1835,50,Cash on Delivery,5% on App,143,50,0
587,C2581,R2223,18-01-2024 19:15,18-01-2024 19:56,1356,30,Credit Card,5% on App,91,44,0
588,C8714,R2524,13-01-2024 20:03,13-01-2024 20:45,326,0,Digital Wallet,5% on App,182,47,0
589,C4324,R2045,20-01-2024 23:37,21-01-2024 00:25,1494,40,Credit Card,50 off Promo,188,33,0
590,C6713,R2666,16-01-2024 20:34,16-01-2024 21:47,238,50,Credit Card,15% New User,114,20,0
591,C8026,R2112,20-01-2024 12:19,20-01-2024 14:17,955,50,Cash on Delivery,10%,83,50,100
592,C1255,R2232,15-01-2024 07:23,15-01-2024 08:51,916,0,Digital Wallet,15% New User,169,38,100
593,C5804,R2016,31-01-2024 12:38,31-01-2024 13:44,1272,20,Cash on Delivery,50 off Promo,50,12,0
594,C2838,R2359,07-02-2024 13:46,07-02-2024 14:40,1238,0,Credit Card,5% on App,179,10,0
595,C1009,R2222,09-01-2024 03:07,09-01-2024 03:52,1573,0,Cash on Delivery,10%,197,28,0
596,C3871,R2865,30-01-2024 10:36,30-01-2024 11:43,1186,50,Digital Wallet,None,110,31,0
597,C9989,R2699,01-02-2024 20:46,01-02-2024 21:58,203,40,Cash on Delivery,None,198,23,0
598,C8409,R2447,28-01-2024 07:24,28-01-2024 09:20,1974,0,Digital Wallet,15% New User,137,23,100
599,C8418,R2855,16-01-2024 15:35,16-01-2024 16:18,970,20,Digital Wallet,5% on App,117,25,0
600,C6124,R2364,18-01-2024 22:55,18-01-2024 23:30,767,30,Cash on Delivery,None,176,42,0
601,C2015,R2674,12-01-2024 05:47,12-01-2024 07:45,372,0,Credit Card,15% New User,189,22,0
602,C3193,R2325,06-01-2024 08:45,06-01-2024 09:37,1129,0,Cash on Delivery,50 off Promo,71,47,0
603,C9415,R2466,29-01-2024 22:43,30-01-2024 00:12,1270,20,Credit Card,15% New User,197,21,0
604,C8449,R2413,14-01-2024 17:00,14-01-2024 17:41,283,40,Credit Card,15% New User,131,47,150
605,C5158,R2454,16-01-2024 10:19,16-01-2024 11:01,1151,0,Cash on Delivery,15% New User,178,48,0
606,C4925,R2585,31-01-2024 04:16,31-01-2024 04:51,1673,0,Credit Card,10%,79,42,150
607,C7970,R2232,20-01-2024 14:23,20-01-2024 15:55,1242,40,Credit Card,15% New User,175,42,0
608,C7938,R2223,22-01-2024 04:38,22-01-2024 05:45,392,20,Cash on Delivery,15% New User,146,38,0
609,C5784,R2993,13-01-2024 06:15,13-01-2024 07:34,1494,0,Cash on Delivery,10%,73,14,0
610,C5000,R2830,01-02-2024 13:06,01-02-2024 14:27,1367,40,Cash on Delivery,10%,63,15,0
611,C2633,R2411,21-01-2024 00:17,21-01-2024 01:26,1703,0,Credit Card,50 off Promo,85,40,100
612,C8266,R2571,23-01-2024 17:26,23-01-2024 18:03,1849,30,Digital Wallet,5% on App,73,25,0
613,C9702,R2334,16-01-2024 14:30,16-01-2024 16:00,1341,50,Credit Card,None,144,40,100
614,C1384,R2221,03-01-2024 14:30,03-01-2024 15:07,276,30,Digital Wallet,None,104,34,0
615,C1404,R2036,18-01-2024 01:45,18-01-2024 02:48,1422,0,Cash on Delivery,15% New User,73,42,0
616,C9175,R2988,22-01-2024 11:37,22-01-2024 13:25,1799,20,Digital Wallet,50 off Promo,75,22,50
617,C3000,R2277,07-01-2024 21:53,07-01-2024 23:22,157,50,Cash on Delivery,15% New User,129,19,0
618,C6989,R2195,10-01-2024 10:57,10-01-2024 12:23,1392,30,Cash on Delivery,None,114,33,0
619,C2460,R2915,23-01-2024 23:39,24-01-2024 00:54,407,40,Digital Wallet,10%,124,19,100
620,C8190,R2863,09-01-2024 07:50,09-01-2024 08:41,1693,20,Cash on Delivery,5% on App,92,50,0
621,C8140,R2483,25-01-2024 00:23,25-01-2024 02:19,1411,30,Digital Wallet,50 off Promo,78,40,0
622,C4636,R2241,17-01-2024 12:41,17-01-2024 13:50,1076,40,Cash on Delivery,10%,130,22,0
623,C5809,R2323,13-01-2024 18:05,13-01-2024 19:19,1228,0,Credit Card,5% on App,103,12,0
624,C5178,R2730,30-01-2024 04:21,30-01-2024 05:45,1351,40,Credit Card,50 off Promo,88,43,0
625,C8245,R2191,25-01-2024 07:25,25-01-2024 08:45,1370,30,Cash on Delivery,50 off Promo,91,37,0
626,C7600,R2016,23-01-2024 06:52,23-01-2024 08:47,799,30,Cash on Delivery,None,78,28,100
627,C6997,R2523,01-02-2024 13:13,01-02-2024 13:47,1617,0,Digital Wallet,10%,180,32,0
628,C3048,R2917,15-01-2024 09:38,15-01-2024 10:20,182,40,Credit Card,50 off Promo,187,41,100
629,C5780,R2400,06-01-2024 03:02,06-01-2024 03:59,1309,40,Digital Wallet,50 off Promo,191,22,0
630,C1716,R2905,13-01-2024 04:16,13-01-2024 06:09,351,0,Cash on Delivery,5% on App,91,42,100
631,C8939,R2885,07-02-2024 23:56,08-02-2024 01:45,1478,40,Cash on Delivery,None,143,43,100
632,C6565,R2704,04-01-2024 12:30,04-01-2024 14:01,1873,0,Digital Wallet,15% New User,81,42,0
633,C5544,R2021,03-01-2024 13:09,03-01-2024 15:05,1995,20,Cash on Delivery,None,75,14,0
634,C5976,R2473,01-02-2024 09:16,01-02-2024 10:09,1819,30,Credit Card,15% New User,164,12,0
635,C4419,R2119,17-01-2024 22:07,17-01-2024 22:43,895,20,Digital Wallet,10%,178,16,0
636,C8239,R2209,07-01-2024 09:35,07-01-2024 10:42,996,50,Credit Card,10%,105,33,0
637,C1249,R2305,20-01-2024 15:01,20-01-2024 16:07,309,50,Credit Card,50 off Promo,171,31,100
638,C9865,R2269,27-01-2024 20:12,27-01-2024 21:49,915,50,Credit Card,10%,155,32,0
639,C1770,R2703,24-01-2024 23:54,25-01-2024 01:05,1931,0,Digital Wallet,50 off Promo,179,39,50
640,C5363,R2686,17-01-2024 15:34,17-01-2024 17:29,708,40,Cash on Delivery,None,130,27,100
641,C2077,R2284,09-01-2024 15:52,09-01-2024 16:26,546,20,Credit Card,10%,169,41,150
642,C9427,R2715,31-01-2024 03:50,31-01-2024 05:23,559,20,Credit Card,None,101,16,150
643,C9580,R2675,30-01-2024 03:42,30-01-2024 05:01,1067,20,Credit Card,None,140,42,0
644,C8901,R2762,20-01-2024 23:50,21-01-2024 01:46,571,20,Cash on Delivery,10%,186,14,150
645,C5858,R2226,02-02-2024 10:15,02-02-2024 10:59,1843,50,Cash on Delivery,None,71,37,0
646,C7544,R2947,05-02-2024 17:51,05-02-2024 19:33,469,20,Digital Wallet,10%,83,17,0
647,C5719,R2380,13-01-2024 05:14,13-01-2024 06:36,999,40,Cash on Delivery,10%,159,24,0
648,C3814,R2459,22-01-2024 02:15,22-01-2024 03:09,1615,50,Digital Wallet,10%,98,13,0
649,C4374,R2006,31-01-2024 23:52,01-02-2024 01:50,1022,20,Digital Wallet,15% New User,178,43,0
650,C2252,R2028,07-02-2024 12:40,07-02-2024 14:34,236,0,Digital Wallet,None,122,14,50
651,C7996,R2906,12-01-2024 04:06,12-01-2024 04:44,466,30,Digital Wallet,5% on App,133,42,0
652,C5673,R2032,07-01-2024 09:59,07-01-2024 11:06,1011,30,Digital Wallet,10%,102,14,150
653,C5530,R2645,26-01-2024 00:18,26-01-2024 01:09,283,30,Credit Card,None,149,47,0
654,C7881,R2878,27-01-2024 20:34,27-01-2024 22:30,1711,50,Cash on Delivery,50 off Promo,173,43,0
655,C7949,R2078,02-02-2024 16:09,02-02-2024 17:27,1410,20,Credit Card,10%,94,35,0
656,C7241,R2927,06-01-2024 15:25,06-01-2024 17:02,571,50,Digital Wallet,10%,186,10,0
657,C9017,R2946,26-01-2024 00:11,26-01-2024 00:55,1498,40,Cash on Delivery,5% on App,154,13,0
658,C7941,R2458,19-01-2024 12:42,19-01-2024 14:16,753,0,Credit Card,15% New User,199,48,0
659,C8002,R2569,20-01-2024 08:57,20-01-2024 10:20,848,0,Credit Card,15% New User,195,35,0
660,C2331,R2982,21-01-2024 14:39,21-01-2024 15:38,636,30,Digital Wallet,10%,155,42,0
661,C5261,R2537,23-01-2024 04:56,23-01-2024 05:45,1634,30,Credit Card,None,92,42,0
662,C8648,R2481,11-01-2024 02:59,11-01-2024 04:01,901,30,Credit Card,50 off Promo,183,17,0
663,C6115,R2429,05-02-2024 09:51,05-02-2024 11:46,1702,20,Credit Card,50 off Promo,97,29,0
664,C5637,R2737,02-01-2024 15:13,02-01-2024 16:59,1373,40,Credit Card,None,175,25,0
665,C5854,R2284,01-02-2024 16:08,01-02-2024 16:44,1019,40,Credit Card,10%,56,30,0
666,C4177,R2515,19-01-2024 18:20,19-01-2024 18:57,609,40,Digital Wallet,50 off Promo,65,35,0
667,C8730,R2976,05-01-2024 15:58,05-01-2024 16:55,729,40,Digital Wallet,15% New User,178,32,0
668,C3180,R2098,03-01-2024 07:52,03-01-2024 09:06,1101,30,Credit Card,None,164,27,0
669,C5892,R2396,12-01-2024 21:41,12-01-2024 23:23,1196,0,Digital Wallet,5% on App,86,40,0
670,C8043,R2488,12-01-2024 19:41,12-01-2024 21:39,1405,30,Digital Wallet,10%,174,21,0
671,C1137,R2038,01-02-2024 19:01,01-02-2024 20:50,1015,40,Cash on Delivery,None,130,10,0
672,C7327,R2270,01-02-2024 01:57,01-02-2024 03:40,1483,30,Credit Card,50 off Promo,111,18,0
673,C4472,R2886,18-01-2024 08:34,18-01-2024 09:14,1133,40,Digital Wallet,10%,121,12,0
674,C6449,R2796,14-01-2024 23:29,15-01-2024 00:29,1334,50,Digital Wallet,15% New User,174,35,0
675,C3832,R2156,02-01-2024 01:43,02-01-2024 02:24,1958,0,Credit Card,10%,115,18,100
676,C4579,R2074,06-02-2024 18:08,06-02-2024 19:55,251,50,Cash on Delivery,10%,79,25,0
677,C6971,R2883,08-01-2024 06:44,08-01-2024 08:04,1128,20,Credit Card,15% New User,69,33,0
678,C5164,R2799,23-01-2024 16:25,23-01-2024 17:38,1318,30,Cash on Delivery,15% New User,131,23,0
679,C8941,R2129,04-02-2024 20:04,04-02-2024 21:23,1406,20,Credit Card,10%,156,12,100
680,C6569,R2686,18-01-2024 13:41,18-01-2024 14:27,563,30,Credit Card,15% New User,181,43,0
681,C5300,R2973,20-01-2024 18:49,20-01-2024 19:53,1236,50,Credit Card,None,86,42,0
682,C7269,R2083,24-01-2024 07:15,24-01-2024 07:45,370,40,Credit Card,15% New User,181,33,0
683,C4818,R2021,22-01-2024 17:32,22-01-2024 18:30,1286,40,Cash on Delivery,15% New User,126,18,0
684,C2906,R2458,30-01-2024 03:37,30-01-2024 04:57,559,30,Cash on Delivery,10%,138,22,50
685,C7254,R2538,07-01-2024 23:31,08-01-2024 01:04,204,40,Digital Wallet,None,195,11,0
686,C1760,R2706,01-01-2024 10:54,01-01-2024 11:27,1816,50,Credit Card,5% on App,137,16,0
687,C8830,R2848,05-01-2024 07:18,05-01-2024 09:14,1679,40,Cash on Delivery,5% on App,82,30,0
688,C8350,R2381,24-01-2024 00:46,24-01-2024 01:43,1405,50,Cash on Delivery,50 off Promo,107,28,150
689,C7238,R2747,26-01-2024 23:50,27-01-2024 00:35,1810,20,Cash on Delivery,15% New User,77,34,100
690,C7090,R2439,13-01-2024 20:13,13-01-2024 21:45,261,50,Credit Card,15% New User,84,31,0
691,C7031,R2603,03-02-2024 05:30,03-02-2024 07:15,450,0,Digital Wallet,None,174,20,100
692,C8687,R2988,16-01-2024 01:54,16-01-2024 03:16,533,0,Cash on Delivery,5% on App,187,42,0
693,C9472,R2020,01-02-2024 19:42,01-02-2024 21:36,951,0,Credit Card,50 off Promo,114,41,0
694,C2887,R2302,21-01-2024 03:04,21-01-2024 03:50,239,30,Cash on Delivery,None,91,30,0
695,C4266,R2975,06-01-2024 03:42,06-01-2024 04:51,1594,30,Cash on Delivery,15% New User,134,48,50
696,C1666,R2868,18-01-2024 19:21,18-01-2024 20:03,1255,30,Digital Wallet,5% on App,186,29,0
697,C5188,R2954,31-01-2024 06:44,31-01-2024 08:05,186,50,Cash on Delivery,50 off Promo,160,17,0
698,C1671,R2083,02-02-2024 21:53,02-02-2024 23:20,1811,30,Cash on Delivery,10%,64,46,0
699,C7777,R2773,15-01-2024 13:10,15-01-2024 14:16,282,20,Credit Card,5% on App,118,18,100
700,C8570,R2658,27-01-2024 09:06,27-01-2024 10:54,467,0,Credit Card,50 off Promo,154,34,150
701,C8956,R2952,07-02-2024 12:56,07-02-2024 14:41,228,50,Digital Wallet,None,199,34,0
702,C6124,R2452,11-01-2024 22:08,11-01-2024 23:38,1369,0,Credit Card,10%,113,42,100
703,C6585,R2386,18-01-2024 09:02,18-01-2024 10:50,1724,30,Credit Card,50 off Promo,90,11,50
704,C5777,R2506,02-01-2024 10:14,02-01-2024 11:17,1701,50,Digital Wallet,50 off Promo,120,28,0
705,C4900,R2256,05-02-2024 14:30,05-02-2024 16:09,769,40,Cash on Delivery,15% New User,105,29,100
706,C7677,R2569,16-01-2024 06:00,16-01-2024 06:46,1501,20,Digital Wallet,5% on App,200,50,0
707,C7981,R2891,05-02-2024 13:26,05-02-2024 14:15,248,30,Credit Card,15% New User,74,38,0
708,C7376,R2933,12-01-2024 14:39,12-01-2024 16:21,1084,30,Digital Wallet,10%,154,15,0
709,C1523,R2526,04-02-2024 23:03,05-02-2024 00:31,951,20,Cash on Delivery,50 off Promo,183,26,50
710,C3393,R2161,24-01-2024 18:26,24-01-2024 20:04,1556,20,Digital Wallet,15% New User,168,34,0
711,C3593,R2956,03-02-2024 13:45,03-02-2024 15:41,727,40,Credit Card,5% on App,58,47,0
712,C8240,R2162,16-01-2024 20:41,16-01-2024 21:43,1849,30,Credit Card,10%,109,13,0
713,C7937,R2831,03-02-2024 00:06,03-02-2024 01:53,1592,30,Digital Wallet,None,174,39,50
714,C7190,R2792,20-01-2024 10:57,20-01-2024 11:43,545,0,Cash on Delivery,15% New User,98,29,0
715,C6240,R2791,19-01-2024 15:45,19-01-2024 17:11,1604,50,Digital Wallet,10%,100,12,0
716,C7493,R2523,02-01-2024 07:23,02-01-2024 09:15,983,50,Cash on Delivery,None,119,32,0
717,C3878,R2785,13-01-2024 22:34,13-01-2024 23:04,393,0,Cash on Delivery,15% New User,86,27,0
718,C5143,R2270,13-01-2024 05:54,13-01-2024 06:36,1888,50,Digital Wallet,10%,80,35,0
719,C4644,R2491,15-01-2024 08:32,15-01-2024 09:28,1266,20,Cash on Delivery,10%,111,45,0
720,C5432,R2207,12-01-2024 08:44,12-01-2024 10:23,349,50,Credit Card,15% New User,142,17,150
721,C2276,R2538,20-01-2024 07:25,20-01-2024 08:53,977,50,Digital Wallet,10%,63,26,100
722,C6811,R2583,09-01-2024 06:07,09-01-2024 06:42,1047,0,Cash on Delivery,50 off Promo,128,40,100
723,C1302,R2059,19-01-2024 17:38,19-01-2024 18:30,1074,40,Credit Card,15% New User,57,46,0
724,C1638,R2429,23-01-2024 16:30,23-01-2024 17:09,1425,50,Digital Wallet,10%,85,42,100
725,C1055,R2984,18-01-2024 08:41,18-01-2024 10:01,1148,50,Credit Card,None,97,36,0
726,C9717,R2656,01-01-2024 07:26,01-01-2024 08:14,888,40,Credit Card,None,134,13,0
727,C9150,R2604,15-01-2024 04:10,15-01-2024 05:30,1083,0,Credit Card,50 off Promo,77,31,0
728,C3125,R2308,05-01-2024 19:23,05-01-2024 21:19,988,40,Cash on Delivery,15% New User,100,35,0
729,C1364,R2519,01-01-2024 19:28,01-01-2024 21:05,989,0,Digital Wallet,10%,153,41,0
730,C7809,R2590,22-01-2024 16:28,22-01-2024 18:21,169,20,Digital Wallet,10%,150,33,0
731,C5621,R2026,15-01-2024 06:42,15-01-2024 08:34,724,0,Cash on Delivery,None,78,44,100
732,C6126,R2685,01-02-2024 13:27,01-02-2024 14:38,974,20,Digital Wallet,50 off Promo,176,46,0
733,C6122,R2561,30-01-2024 17:16,30-01-2024 18:42,1235,20,Credit Card,None,131,41,0
734,C2646,R2198,04-02-2024 10:48,04-02-2024 12:25,1487,0,Digital Wallet,None,59,16,0
735,C1918,R2386,18-01-2024 14:06,18-01-2024 15:13,1426,30,Cash on Delivery,50 off Promo,155,42,0
736,C3797,R2348,23-01-2024 18:49,23-01-2024 20:20,570,0,Credit Card,15% New User,50,40,0
737,C7506,R2959,29-01-2024 23:44,30-01-2024 00:20,190,50,Cash on Delivery,10%,88,21,50
738,C6870,R2939,21-01-2024 06:19,21-01-2024 07:59,629,50,Credit Card,15% New User,70,20,0
739,C2531,R2692,10-01-2024 23:50,11-01-2024 01:09,760,30,Credit Card,5% on App,114,33,100
740,C9172,R2535,11-01-2024 04:25,11-01-2024 05:46,838,20,Digital Wallet,5% on App,64,17,50
741,C4345,R2827,11-01-2024 05:57,11-01-2024 06:52,825,30,Credit Card,5% on App,181,41,0
742,C8673,R2377,01-01-2024 23:21,02-01-2024 00:16,971,50,Cash on Delivery,50 off Promo,110,47,0
743,C7949,R2898,16-01-2024 01:29,16-01-2024 02:17,1786,30,Digital Wallet,None,197,31,0
744,C7882,R2915,12-01-2024 07:53,12-01-2024 08:31,291,0,Cash on Delivery,15% New User,187,43,0
745,C2906,R2557,07-02-2024 07:25,07-02-2024 08:55,1675,30,Credit Card,10%,136,28,0
746,C4086,R2526,28-01-2024 15:55,28-01-2024 16:44,1365,20,Cash on Delivery,5% on App,154,29,0
747,C9152,R2152,26-01-2024 17:06,26-01-2024 18:25,237,0,Cash on Delivery,15% New User,83,23,0
748,C6750,R2733,26-01-2024 15:53,26-01-2024 17:42,444,40,Credit Card,5% on App,173,42,0
749,C9905,R2205,03-01-2024 01:57,03-01-2024 03:47,1303,50,Digital Wallet,5% on App,159,19,0
750,C2062,R2454,19-01-2024 00:21,19-01-2024 01:12,1108,50,Cash on Delivery,10%,82,25,0
751,C2976,R2272,31-01-2024 18:38,31-01-2024 19:20,1835,30,Credit Card,50 off Promo,147,13,100
752,C2296,R2893,04-01-2024 13:01,04-01-2024 13:42,602,0,Digital Wallet,None,110,36,150
753,C7229,R2235,15-01-2024 07:28,15-01-2024 08:07,302,40,Digital Wallet,50 off Promo,59,37,0
754,C8641,R2851,17-01-2024 08:00,17-01-2024 09:34,672,0,Digital Wallet,15% New User,133,25,100
755,C1125,R2739,08-01-2024 21:50,08-01-2024 22:49,291,50,Cash on Delivery,50 off Promo,114,42,100
756,C5632,R2520,18-01-2024 21:47,18-01-2024 22:24,104,0,Cash on Delivery,15% New User,126,28,0
757,C7288,R2677,29-01-2024 18:14,29-01-2024 19:04,1360,40,Cash on Delivery,15% New User,50,30,0
758,C4596,R2943,11-01-2024 00:36,11-01-2024 01:27,1816,30,Digital Wallet,None,182,31,100
759,C7168,R2955,08-01-2024 05:01,08-01-2024 05:48,410,20,Cash on Delivery,10%,129,18,0
760,C8561,R2830,10-01-2024 17:52,10-01-2024 19:27,648,0,Credit Card,None,64,18,0
761,C9258,R2725,04-01-2024 23:45,05-01-2024 01:02,155,20,Cash on Delivery,50 off Promo,77,18,0
762,C1232,R2500,08-01-2024 07:42,08-01-2024 08:55,542,50,Cash on Delivery,15% New User,72,36,50
763,C7371,R2116,03-02-2024 08:28,03-02-2024 09:06,1360,30,Digital Wallet,5% on App,158,26,150
764,C5206,R2385,05-02-2024 23:38,06-02-2024 01:14,969,30,Cash on Delivery,5% on App,156,17,100
765,C8943,R2343,06-01-2024 05:19,06-01-2024 06:42,1984,0,Credit Card,15% New User,194,25,150
766,C7891,R2583,13-01-2024 19:23,13-01-2024 20:18,1320,30,Digital Wallet,None,162,27,0
767,C7738,R2394,15-01-2024 15:38,15-01-2024 17:32,684,0,Credit Card,10%,147,42,0
768,C3472,R2063,25-01-2024 13:02,25-01-2024 13:57,1694,0,Digital Wallet,None,190,10,50
769,C3739,R2716,11-01-2024 04:33,11-01-2024 05:36,851,20,Digital Wallet,15% New User,191,21,0
770,C6401,R2720,21-01-2024 06:54,21-01-2024 07:31,1637,30,Cash on Delivery,15% New User,188,15,0
771,C2761,R2071,07-02-2024 09:33,07-02-2024 10:12,1572,0,Credit Card,10%,77,50,50
772,C1876,R2788,26-01-2024 22:34,26-01-2024 23:51,459,20,Digital Wallet,50 off Promo,91,14,0
773,C4812,R2273,06-02-2024 04:11,06-02-2024 05:35,1823,40,Cash on Delivery,50 off Promo,148,25,0
774,C2460,R2989,20-01-2024 14:01,20-01-2024 15:24,918,20,Digital Wallet,10%,110,27,0
775,C2733,R2319,04-01-2024 16:17,04-01-2024 18:04,129,20,Digital Wallet,50 off Promo,172,27,0
776,C2605,R2337,21-01-2024 00:13,21-01-2024 01:22,1902,0,Digital Wallet,5% on App,113,10,0
777,C6622,R2365,15-01-2024 05:12,15-01-2024 05:56,207,50,Digital Wallet,50 off Promo,80,28,0
778,C7767,R2494,31-01-2024 20:34,31-01-2024 22:24,943,50,Digital Wallet,50 off Promo,130,17,0
779,C7986,R2606,06-01-2024 14:40,06-01-2024 15:27,1725,50,Digital Wallet,50 off Promo,59,12,0
780,C4517,R2165,15-01-2024 04:35,15-01-2024 05:27,816,20,Cash on Delivery,5% on App,57,34,0
781,C4735,R2543,30-01-2024 04:01,30-01-2024 05:32,990,0,Digital Wallet,50 off Promo,198,14,0
782,C9434,R2010,19-01-2024 20:57,19-01-2024 22:12,1059,30,Credit Card,5% on App,108,49,0
783,C3590,R2300,17-01-2024 10:19,17-01-2024 12:15,1568,20,Cash on Delivery,10%,79,28,0
784,C2063,R2728,13-01-2024 04:18,13-01-2024 05:26,992,20,Credit Card,None,194,27,100
785,C5324,R2800,19-01-2024 12:25,19-01-2024 13:09,1561,0,Digital Wallet,10%,69,40,0
786,C6342,R2101,26-01-2024 01:13,26-01-2024 02:35,831,40,Credit Card,None,97,42,0
787,C1005,R2424,13-01-2024 21:51,13-01-2024 23:48,705,20,Digital Wallet,10%,179,27,0
788,C8489,R2391,28-01-2024 05:50,28-01-2024 07:23,556,40,Digital Wallet,None,86,48,0
789,C9659,R2778,31-01-2024 10:35,31-01-2024 12:07,714,40,Cash on Delivery,None,178,25,150
790,C9195,R2213,03-02-2024 11:27,03-02-2024 13:16,1858,50,Cash on Delivery,15% New User,181,25,0
791,C6966,R2690,23-01-2024 23:08,23-01-2024 23:53,797,0,Digital Wallet,None,149,47,0
792,C9837,R2087,29-01-2024 06:41,29-01-2024 08:20,1819,40,Cash on Delivery,None,103,50,0
793,C1117,R2552,11-01-2024 01:12,11-01-2024 02:47,1618,0,Credit Card,15% New User,171,16,50
794,C3551,R2400,21-01-2024 07:39,21-01-2024 08:21,773,50,Cash on Delivery,50 off Promo,74,23,100
795,C6560,R2587,01-01-2024 08:15,01-01-2024 09:31,1370,0,Cash on Delivery,50 off Promo,180,34,150
796,C5289,R2888,14-01-2024 17:19,14-01-2024 17:57,642,20,Credit Card,15% New User,58,41,150
797,C1846,R2045,02-01-2024 05:02,02-01-2024 06:34,1687,40,Cash on Delivery,5% on App,83,47,0
798,C7316,R2671,28-01-2024 07:10,28-01-2024 08:13,956,0,Digital Wallet,None,92,31,100
799,C7469,R2462,10-01-2024 05:05,10-01-2024 06:55,1711,30,Credit Card,None,123,25,0
800,C9915,R2591,19-01-2024 20:35,19-01-2024 21:33,996,0,Digital Wallet,15% New User,143,38,0
801,C1224,R2309,11-01-2024 06:40,11-01-2024 07:46,1562,40,Credit Card,15% New User,71,25,0
802,C5208,R2085,04-02-2024 09:29,04-02-2024 10:41,377,50,Digital Wallet,5% on App,119,21,0
803,C7283,R2091,31-01-2024 19:39,31-01-2024 21:34,651,50,Digital Wallet,50 off Promo,179,26,0
804,C3048,R2659,22-01-2024 03:12,22-01-2024 04:45,1736,40,Cash on Delivery,10%,143,46,0
805,C7233,R2672,27-01-2024 23:17,28-01-2024 00:10,210,20,Digital Wallet,50 off Promo,81,36,0
806,C2828,R2713,12-01-2024 08:56,12-01-2024 10:36,484,20,Cash on Delivery,None,155,34,150
807,C2917,R2935,30-01-2024 02:03,30-01-2024 03:06,1956,50,Credit Card,15% New User,193,22,0
808,C5234,R2927,25-01-2024 21:51,25-01-2024 23:08,860,50,Digital Wallet,5% on App,50,17,50
809,C7988,R2241,30-01-2024 09:33,30-01-2024 10:14,1314,40,Digital Wallet,50 off Promo,121,14,100
810,C3026,R2864,30-01-2024 18:38,30-01-2024 19:30,1613,20,Credit Card,5% on App,99,21,0
811,C4744,R2001,28-01-2024 18:08,28-01-2024 19:56,793,50,Credit Card,50 off Promo,190,50,0
812,C1009,R2224,28-01-2024 02:33,28-01-2024 03:15,1549,20,Digital Wallet,None,64,12,0
813,C1260,R2800,30-01-2024 13:15,30-01-2024 15:11,504,50,Credit Card,10%,102,44,150
814,C7038,R2744,07-01-2024 07:40,07-01-2024 08:54,1458,0,Cash on Delivery,5% on App,57,42,50
815,C3219,R2972,14-01-2024 05:40,14-01-2024 07:14,1332,30,Credit Card,5% on App,123,31,0
816,C8041,R2925,17-01-2024 14:10,17-01-2024 15:26,121,0,Credit Card,10%,95,18,0
817,C3060,R2928,19-01-2024 23:48,20-01-2024 01:15,777,50,Digital Wallet,5% on App,118,50,150
818,C6287,R2588,20-01-2024 18:10,20-01-2024 18:44,710,30,Cash on Delivery,5% on App,163,27,50
819,C2619,R2115,08-01-2024 23:32,09-01-2024 01:18,1331,30,Credit Card,50 off Promo,196,38,50
820,C9512,R2665,02-02-2024 06:47,02-02-2024 07:21,107,50,Cash on Delivery,50 off Promo,172,48,0
821,C2342,R2917,03-02-2024 01:41,03-02-2024 03:10,801,50,Cash on Delivery,10%,188,36,50
822,C3832,R2102,07-02-2024 08:03,07-02-2024 08:53,1810,20,Cash on Delivery,None,166,45,0
823,C3824,R2193,05-02-2024 19:30,05-02-2024 20:23,1908,50,Digital Wallet,5% on App,92,26,0
824,C2994,R2165,27-01-2024 02:02,27-01-2024 02:49,628,40,Credit Card,None,69,43,0
825,C4490,R2870,20-01-2024 02:15,20-01-2024 03:05,701,50,Digital Wallet,10%,197,12,0
826,C8984,R2089,13-01-2024 22:04,13-01-2024 23:27,1776,40,Credit Card,10%,70,14,0
827,C2604,R2685,30-01-2024 06:17,30-01-2024 06:56,756,50,Credit Card,50 off Promo,131,23,0
828,C1235,R2121,31-01-2024 07:26,31-01-2024 08:19,265,20,Digital Wallet,5% on App,106,12,0
829,C2908,R2142,26-01-2024 15:06,26-01-2024 17:00,948,40,Cash on Delivery,15% New User,123,32,50
830,C9567,R2993,05-02-2024 20:59,05-02-2024 22:57,595,0,Cash on Delivery,10%,147,48,0
831,C4530,R2105,18-01-2024 05:44,18-01-2024 07:13,689,40,Credit Card,5% on App,159,39,0
832,C6256,R2886,20-01-2024 11:07,20-01-2024 12:33,528,20,Digital Wallet,None,164,32,0
833,C3635,R2427,13-01-2024 08:33,13-01-2024 09:25,873,40,Cash on Delivery,50 off Promo,91,36,0
834,C9162,R2304,06-01-2024 23:26,07-01-2024 00:17,262,50,Cash on Delivery,None,117,19,0
835,C3560,R2871,08-01-2024 17:02,08-01-2024 18:39,465,50,Credit Card,10%,119,34,0
836,C6415,R2970,02-02-2024 06:32,02-02-2024 07:35,1649,20,Credit Card,10%,127,22,50
837,C4391,R2316,31-01-2024 15:37,31-01-2024 17:16,1362,30,Digital Wallet,None,139,25,0
838,C6951,R2962,15-01-2024 09:18,15-01-2024 10:15,171,50,Credit Card,10%,160,50,0
839,C6468,R2634,17-01-2024 12:14,17-01-2024 13:22,1568,0,Cash on Delivery,5% on App,161,43,0
840,C9007,R2901,26-01-2024 22:49,27-01-2024 00:00,754,20,Cash on Delivery,10%,152,46,0
841,C7413,R2008,04-01-2024 06:20,04-01-2024 07:12,1945,40,Cash on Delivery,50 off Promo,194,31,100
842,C7941,R2773,07-02-2024 10:39,07-02-2024 12:18,1632,40,Cash on Delivery,5% on App,68,26,150
843,C5820,R2072,02-02-2024 00:51,02-02-2024 02:40,1918,0,Digital Wallet,15% New User,119,32,150
844,C3898,R2358,07-02-2024 18:24,07-02-2024 18:55,368,50,Digital Wallet,10%,112,45,0
845,C8546,R2222,21-01-2024 03:31,21-01-2024 04:24,1876,20,Credit Card,10%,124,18,0
846,C1077,R2415,23-01-2024 09:31,23-01-2024 10:17,514,0,Credit Card,50 off Promo,153,11,0
847,C8577,R2552,09-01-2024 14:59,09-01-2024 16:33,1368,50,Credit Card,50 off Promo,124,41,0
848,C5227,R2369,30-01-2024 10:51,30-01-2024 12:30,1115,20,Digital Wallet,None,177,31,0
849,C1600,R2715,03-02-2024 12:21,03-02-2024 13:59,774,40,Cash on Delivery,None,105,22,0
850,C2065,R2263,05-01-2024 19:49,05-01-2024 21:18,1183,20,Credit Card,None,71,17,0
851,C3136,R2839,12-01-2024 23:01,13-01-2024 00:20,105,30,Cash on Delivery,50 off Promo,138,10,0
852,C7943,R2689,04-02-2024 07:56,04-02-2024 08:37,1832,20,Credit Card,None,68,26,0
853,C8804,R2859,08-01-2024 05:32,08-01-2024 06:48,1081,30,Credit Card,None,75,21,0
854,C7565,R2317,31-01-2024 08:03,31-01-2024 09:39,669,20,Credit Card,15% New User,72,13,0
855,C6984,R2083,19-01-2024 07:34,19-01-2024 09:08,1940,30,Credit Card,None,96,22,50
856,C6142,R2317,20-01-2024 10:46,20-01-2024 11:42,506,40,Credit Card,10%,62,40,0
857,C5670,R2110,07-01-2024 06:43,07-01-2024 08:00,1340,50,Cash on Delivery,50 off Promo,115,50,0
858,C3190,R2250,23-01-2024 13:09,23-01-2024 15:06,125,30,Credit Card,5% on App,193,16,0
859,C3712,R2382,21-01-2024 11:48,21-01-2024 13:19,1938,30,Cash on Delivery,15% New User,122,32,0
860,C3192,R2006,14-01-2024 11:11,14-01-2024 12:24,1128,40,Digital Wallet,50 off Promo,126,33,0
861,C2248,R2458,07-01-2024 08:13,07-01-2024 09:01,1085,30,Credit Card,50 off Promo,80,14,0
862,C5033,R2083,26-01-2024 11:24,26-01-2024 12:52,1655,0,Cash on Delivery,10%,134,14,0
863,C2997,R2207,16-01-2024 04:39,16-01-2024 05:16,489,40,Digital Wallet,None,108,26,0
864,C4687,R2899,01-02-2024 17:24,01-02-2024 18:48,809,0,Digital Wallet,10%,90,39,50
865,C5018,R2389,15-01-2024 08:17,15-01-2024 09:33,670,40,Digital Wallet,None,161,18,150
866,C2970,R2313,07-02-2024 08:03,07-02-2024 08:34,1571,30,Cash on Delivery,None,145,15,0
867,C9389,R2021,23-01-2024 07:20,23-01-2024 08:28,853,0,Credit Card,50 off Promo,171,34,0
868,C6765,R2409,02-01-2024 04:56,02-01-2024 06:10,245,30,Credit Card,None,154,28,0
869,C2202,R2894,02-02-2024 13:42,02-02-2024 14:43,1511,40,Cash on Delivery,15% New User,123,25,150
870,C9135,R2514,13-01-2024 12:40,13-01-2024 14:14,884,30,Credit Card,15% New User,181,30,0
871,C6567,R2126,11-01-2024 19:08,11-01-2024 20:15,1372,0,Cash on Delivery,15% New User,148,11,0
872,C8667,R2808,16-01-2024 11:48,16-01-2024 13:34,625,0,Credit Card,50 off Promo,175,19,0
873,C6742,R2699,12-01-2024 21:10,12-01-2024 21:50,1585,30,Digital Wallet,10%,187,25,0
874,C6788,R2873,26-01-2024 01:27,26-01-2024 02:06,112,20,Credit Card,5% on App,124,46,100
875,C6408,R2013,18-01-2024 02:30,18-01-2024 03:58,1002,40,Cash on Delivery,None,63,24,0
876,C9669,R2970,05-02-2024 23:43,06-02-2024 01:42,483,40,Cash on Delivery,5% on App,87,22,100
877,C1922,R2977,07-02-2024 05:00,07-02-2024 06:24,655,30,Digital Wallet,10%,189,22,0
878,C1419,R2011,20-01-2024 21:47,20-01-2024 22:36,986,20,Cash on Delivery,10%,94,41,0
879,C3204,R2086,31-01-2024 21:45,31-01-2024 23:35,1522,0,Credit Card,50 off Promo,194,17,0
880,C2120,R2523,06-01-2024 15:04,06-01-2024 15:50,118,50,Credit Card,15% New User,124,27,0
881,C1950,R2908,04-01-2024 11:01,04-01-2024 12:38,674,50,Digital Wallet,15% New User,78,45,0
882,C3336,R2536,14-01-2024 09:34,14-01-2024 10:08,1614,30,Cash on Delivery,10%,67,35,0
883,C6373,R2300,04-02-2024 03:14,04-02-2024 04:43,850,20,Digital Wallet,50 off Promo,69,19,0
884,C3243,R2242,06-02-2024 14:15,06-02-2024 15:07,1103,20,Credit Card,50 off Promo,63,40,0
885,C3645,R2121,15-01-2024 23:42,16-01-2024 00:57,518,40,Digital Wallet,None,103,42,0
886,C5612,R2146,29-01-2024 23:43,30-01-2024 01:04,1460,0,Cash on Delivery,15% New User,80,38,150
887,C2865,R2566,15-01-2024 09:21,15-01-2024 10:00,518,20,Digital Wallet,10%,107,14,0
888,C7028,R2749,24-01-2024 10:58,24-01-2024 12:13,1735,50,Cash on Delivery,5% on App,153,22,0
889,C8326,R2355,11-01-2024 09:06,11-01-2024 10:03,1798,0,Cash on Delivery,15% New User,177,10,0
890,C7371,R2684,07-02-2024 04:57,07-02-2024 06:09,221,0,Credit Card,None,74,32,0
891,C7359,R2903,28-01-2024 22:46,28-01-2024 23:41,531,30,Credit Card,50 off Promo,68,49,0
892,C8863,R2732,06-01-2024 03:03,06-01-2024 04:27,143,20,Credit Card,10%,185,12,150
893,C4228,R2630,13-01-2024 14:57,13-01-2024 16:14,1995,30,Cash on Delivery,15% New User,52,12,100
894,C4719,R2308,05-02-2024 15:45,05-02-2024 16:43,1440,20,Digital Wallet,5% on App,135,16,0
895,C3371,R2694,27-01-2024 01:00,27-01-2024 01:56,480,40,Cash on Delivery,None,194,45,0
896,C3891,R2287,02-02-2024 07:06,02-02-2024 07:53,244,30,Credit Card,None,191,44,150
897,C4756,R2306,27-01-2024 07:09,27-01-2024 08:38,1450,30,Credit Card,15% New User,58,24,50
898,C5225,R2811,03-02-2024 04:21,03-02-2024 06:04,462,50,Digital Wallet,5% on App,143,49,0
899,C1094,R2593,07-02-2024 01:51,07-02-2024 03:29,1173,30,Credit Card,None,198,12,0
900,C3674,R2965,21-01-2024 15:58,21-01-2024 17:41,1188,20,Credit Card,10%,188,38,0
901,C7898,R2913,16-01-2024 05:36,16-01-2024 06:26,454,50,Credit Card,None,69,39,100
902,C1793,R2722,04-01-2024 08:49,04-01-2024 09:42,899,30,Digital Wallet,5% on App,84,48,0
903,C3116,R2661,08-01-2024 15:46,08-01-2024 16:18,1287,30,Cash on Delivery,50 off Promo,102,27,150
904,C6779,R2548,22-01-2024 03:47,22-01-2024 05:18,1264,40,Credit Card,50 off Promo,159,20,100
905,C7166,R2351,26-01-2024 03:43,26-01-2024 04:14,925,30,Digital Wallet,15% New User,185,47,0
906,C1814,R2311,05-02-2024 06:49,05-02-2024 08:24,1251,0,Credit Card,5% on App,53,49,0
907,C1345,R2872,17-01-2024 07:37,17-01-2024 08:48,497,50,Digital Wallet,None,151,10,0
908,C9554,R2058,03-01-2024 02:22,03-01-2024 03:25,979,0,Credit Card,None,96,38,150
909,C3443,R2642,29-01-2024 06:53,29-01-2024 08:04,562,50,Digital Wallet,50 off Promo,143,19,0
910,C8783,R2923,30-01-2024 02:43,30-01-2024 03:32,1874,40,Credit Card,50 off Promo,97,37,0
911,C1984,R2713,16-01-2024 11:41,16-01-2024 13:18,1959,30,Cash on Delivery,10%,140,40,0
912,C8790,R2754,15-01-2024 22:40,15-01-2024 23:54,907,30,Credit Card,50 off Promo,133,28,150
913,C1827,R2034,11-01-2024 19:21,11-01-2024 21:05,286,30,Digital Wallet,10%,117,12,0
914,C4531,R2444,25-01-2024 15:55,25-01-2024 17:06,1843,50,Credit Card,None,188,45,0
915,C8147,R2092,31-01-2024 14:11,31-01-2024 15:27,831,30,Cash on Delivery,10%,174,24,50
916,C5451,R2949,01-02-2024 05:50,01-02-2024 06:24,1313,0,Credit Card,10%,122,42,0
917,C4876,R2958,18-01-2024 09:06,18-01-2024 11:04,1511,30,Digital Wallet,15% New User,53,50,0
918,C6959,R2206,22-01-2024 15:10,22-01-2024 16:28,528,40,Digital Wallet,50 off Promo,125,35,0
919,C1126,R2352,04-01-2024 14:39,04-01-2024 15:45,957,0,Cash on Delivery,10%,122,25,0
920,C4177,R2902,25-01-2024 14:59,25-01-2024 16:02,1407,30,Digital Wallet,None,126,45,150
921,C9795,R2331,26-01-2024 18:06,26-01-2024 19:48,1987,30,Credit Card,5% on App,97,42,0
922,C7024,R2816,09-01-2024 13:21,09-01-2024 15:00,336,20,Credit Card,10%,151,29,150
923,C6109,R2861,19-01-2024 02:44,19-01-2024 03:31,1317,50,Credit Card,50 off Promo,155,22,0
924,C5146,R2724,06-02-2024 01:11,06-02-2024 02:58,1410,0,Digital Wallet,15% New User,126,42,50
925,C8196,R2158,08-01-2024 10:05,08-01-2024 10:53,870,20,Credit Card,None,88,14,50
926,C4368,R2953,03-01-2024 04:21,03-01-2024 06:08,857,40,Credit Card,15% New User,107,46,100
927,C4797,R2956,06-02-2024 05:13,06-02-2024 06:22,235,50,Credit Card,5% on App,68,23,0
928,C2792,R2023,29-01-2024 23:47,30-01-2024 00:33,891,0,Cash on Delivery,10%,137,36,0
929,C6732,R2403,06-01-2024 20:06,06-01-2024 21:35,1906,30,Digital Wallet,10%,162,32,0
930,C4476,R2804,06-01-2024 23:29,07-01-2024 00:40,270,0,Digital Wallet,50 off Promo,126,23,0
931,C4417,R2515,08-01-2024 16:21,08-01-2024 18:11,258,30,Digital Wallet,10%,126,49,0
932,C2645,R2731,27-01-2024 04:38,27-01-2024 06:19,300,50,Cash on Delivery,None,77,13,0
933,C4030,R2363,13-01-2024 16:17,13-01-2024 17:51,1610,30,Digital Wallet,5% on App,115,48,0
934,C3872,R2381,03-01-2024 19:35,03-01-2024 20:57,1680,40,Cash on Delivery,15% New User,59,28,0
935,C4072,R2531,07-02-2024 11:52,07-02-2024 12:28,1061,30,Cash on Delivery,5% on App,175,13,0
936,C2854,R2955,01-02-2024 22:21,01-02-2024 22:55,1899,40,Digital Wallet,10%,107,39,50
937,C5021,R2151,27-01-2024 22:08,27-01-2024 23:01,682,50,Credit Card,15% New User,191,28,0
938,C5662,R2561,31-01-2024 07:36,31-01-2024 08:33,1627,50,Credit Card,50 off Promo,174,40,0
939,C7514,R2688,21-01-2024 03:11,21-01-2024 04:42,975,0,Digital Wallet,5% on App,161,40,50
940,C6031,R2946,25-01-2024 21:17,25-01-2024 22:03,470,40,Digital Wallet,15% New User,133,18,100
941,C3708,R2607,18-01-2024 15:58,18-01-2024 16:47,202,40,Cash on Delivery,15% New User,192,22,0
942,C8112,R2616,13-01-2024 09:44,13-01-2024 10:16,1101,20,Digital Wallet,15% New User,145,23,0
943,C9393,R2419,24-01-2024 11:10,24-01-2024 12:16,1248,20,Cash on Delivery,None,82,19,0
944,C4507,R2249,26-01-2024 05:42,26-01-2024 07:41,1436,20,Digital Wallet,5% on App,194,40,0
945,C7456,R2116,10-01-2024 09:25,10-01-2024 10:09,1075,30,Credit Card,15% New User,190,46,0
946,C5212,R2865,02-02-2024 19:20,02-02-2024 20:40,897,20,Credit Card,5% on App,96,32,0
947,C8970,R2511,07-01-2024 19:05,07-01-2024 20:22,1581,40,Digital Wallet,15% New User,161,36,0
948,C9766,R2739,28-01-2024 13:35,28-01-2024 14:12,1353,30,Cash on Delivery,50 off Promo,193,15,0
949,C1536,R2577,22-01-2024 17:39,22-01-2024 18:21,757,50,Credit Card,50 off Promo,92,35,0
950,C2625,R2334,31-01-2024 07:51,31-01-2024 09:08,981,0,Cash on Delivery,50 off Promo,57,11,150
951,C8973,R2417,09-01-2024 21:38,09-01-2024 22:10,1320,20,Digital Wallet,10%,52,22,0
952,C9577,R2931,28-01-2024 04:35,28-01-2024 06:09,832,50,Digital Wallet,15% New User,174,28,0
953,C9070,R2773,03-02-2024 04:19,03-02-2024 06:01,522,40,Credit Card,10%,61,10,0
954,C9666,R2294,16-01-2024 11:22,16-01-2024 12:22,671,0,Digital Wallet,5% on App,133,49,150
955,C9609,R2937,27-01-2024 00:25,27-01-2024 01:20,1733,50,Credit Card,10%,65,41,0
956,C7490,R2754,02-01-2024 20:33,02-01-2024 22:23,270,0,Cash on Delivery,5% on App,127,31,0
957,C4600,R2370,20-01-2024 21:30,20-01-2024 22:55,1505,20,Credit Card,5% on App,108,38,0
958,C7783,R2185,30-01-2024 11:29,30-01-2024 12:32,272,40,Credit Card,5% on App,112,11,0
959,C5971,R2245,19-01-2024 06:19,19-01-2024 06:57,762,0,Cash on Delivery,10%,98,49,0
960,C2205,R2636,11-01-2024 11:08,11-01-2024 12:39,552,50,Credit Card,15% New User,100,47,0
961,C2990,R2267,17-01-2024 06:26,17-01-2024 07:08,449,20,Credit Card,10%,82,20,0
962,C6299,R2642,01-01-2024 19:08,01-01-2024 20:46,1757,20,Digital Wallet,15% New User,79,26,150
963,C4572,R2236,10-01-2024 14:34,10-01-2024 15:44,593,50,Cash on Delivery,15% New User,125,17,100
964,C6975,R2529,01-02-2024 19:06,01-02-2024 20:52,719,50,Credit Card,5% on App,64,31,0
965,C7320,R2551,05-02-2024 01:09,05-02-2024 01:39,1127,0,Cash on Delivery,10%,131,13,0
966,C5380,R2020,31-01-2024 12:55,31-01-2024 14:53,1216,30,Cash on Delivery,15% New User,141,20,100
967,C5757,R2910,25-01-2024 08:38,25-01-2024 09:54,1018,20,Credit Card,50 off Promo,72,17,0
968,C3713,R2736,30-01-2024 06:03,30-01-2024 06:36,105,0,Digital Wallet,15% New User,143,18,0
969,C6588,R2866,20-01-2024 19:27,20-01-2024 20:59,387,50,Cash on Delivery,50 off Promo,94,35,0
970,C1966,R2793,20-01-2024 19:27,20-01-2024 20:48,1741,0,Credit Card,10%,111,11,50
971,C5944,R2519,07-02-2024 04:28,07-02-2024 05:07,1269,50,Cash on Delivery,10%,64,25,0
972,C4432,R2099,05-02-2024 01:17,05-02-2024 02:14,1906,40,Digital Wallet,10%,95,40,0
973,C1688,R2751,19-01-2024 22:14,19-01-2024 22:49,1547,50,Digital Wallet,15% New User,113,15,150
974,C5243,R2477,28-01-2024 20:01,28-01-2024 20:57,707,50,Digital Wallet,None,124,30,0
975,C4701,R2598,05-02-2024 03:51,05-02-2024 04:32,556,50,Credit Card,15% New User,101,35,0
976,C9533,R2297,30-01-2024 18:12,30-01-2024 19:43,1864,30,Credit Card,15% New User,137,28,0
977,C6182,R2939,26-01-2024 19:20,26-01-2024 20:41,1325,50,Digital Wallet,5% on App,106,37,0
978,C7704,R2525,21-01-2024 14:02,21-01-2024 15:19,1335,20,Credit Card,5% on App,132,17,50
979,C5422,R2333,02-02-2024 06:59,02-02-2024 08:35,1129,20,Digital Wallet,15% New User,115,23,100
980,C2759,R2001,08-01-2024 16:41,08-01-2024 17:56,723,0,Credit Card,50 off Promo,199,33,0
981,C3482,R2374,17-01-2024 08:47,17-01-2024 10:30,475,30,Digital Wallet,5% on App,69,46,0
982,C9058,R2292,12-01-2024 00:30,12-01-2024 01:14,546,0,Cash on Delivery,15% New User,82,35,0
983,C1951,R2836,01-01-2024 05:27,01-01-2024 07:07,934,20,Digital Wallet,None,121,40,0
984,C9914,R2933,01-01-2024 20:33,01-01-2024 21:38,1229,20,Digital Wallet,50 off Promo,74,41,0
985,C3079,R2552,26-01-2024 23:40,27-01-2024 00:23,1774,40,Credit Card,10%,95,50,0
986,C3717,R2317,12-01-2024 04:46,12-01-2024 06:33,910,50,Credit Card,15% New User,122,11,150
987,C5524,R2501,24-01-2024 03:11,24-01-2024 03:43,1524,20,Credit Card,15% New User,147,34,0
988,C9477,R2827,06-01-2024 15:13,06-01-2024 16:49,1219,0,Credit Card,50 off Promo,106,11,0
989,C8311,R2380,31-01-2024 06:48,31-01-2024 08:43,1511,0,Credit Card,5% on App,136,10,0
990,C8186,R2622,09-01-2024 17:54,09-01-2024 18:42,1058,50,Credit Card,5% on App,182,45,0
991,C3065,R2013,26-01-2024 21:40,26-01-2024 23:25,1575,50,Cash on Delivery,5% on App,104,21,0
992,C1768,R2503,04-01-2024 03:00,04-01-2024 04:23,948,40,Digital Wallet,10%,110,18,0
993,C6490,R2230,18-01-2024 01:39,18-01-2024 03:17,908,30,Digital Wallet,50 off Promo,138,45,0
994,C7645,R2984,28-01-2024 21:10,28-01-2024 21:49,1078,0,Digital Wallet,50 off Promo,57,50,0
995,C6083,R2083,07-01-2024 13:14,07-01-2024 14:16,515,50,Cash on Delivery,5% on App,65,37,0
996,C6232,R2129,14-01-2024 05:57,14-01-2024 06:39,825,0,Digital Wallet,5% on App,165,47,50
997,C6797,R2742,28-01-2024 08:50,28-01-2024 10:10,1627,50,Cash on Delivery,None,110,42,0
998,C5926,R2837,21-01-2024 09:43,21-01-2024 10:44,553,20,Cash on Delivery,None,64,31,0
999,C7016,R2144,30-01-2024 22:23,31-01-2024 00:07,1414,0,Cash on Delivery,15% New User,199,34,0
1000,C4335,R2890,08-01-2024 14:46,08-01-2024 15:39,1657,20,Digital Wallet,15% New User,180,27,100
